event_id,customer_id,event_date,event_type
1,1_CST_ID,2023-05-02,add_to_cart
2,1_CST_ID,2023-05-02,checkout
3,1_CST_ID,2023-05-02,purchase
4,2_CST_ID,2023-06-19,view_product
5,2_CST_ID,2023-06-19,add_to_cart
6,2_CST_ID,2023-06-19,checkout
7,2_CST_ID,2023-06-19,purchase
8,3_CST_ID,2023-01-03,add_to_cart
9,3_CST_ID,2023-01-03,checkout
10,3_CST_ID,2023-01-03,purchase
11,4_CST_ID,2023-05-25,view_product
12,4_CST_ID,2023-05-25,add_to_cart
13,4_CST_ID,2023-05-25,checkout
14,4_CST_ID,2023-05-25,purchase
15,5_CST_ID,2023-01-18,view_product
16,5_CST_ID,2023-01-18,add_to_cart
17,5_CST_ID,2023-01-18,checkout
18,5_CST_ID,2023-01-18,purchase
19,6_CST_ID,2023-01-20,view_product
20,6_CST_ID,2023-01-20,add_to_cart
21,6_CST_ID,2023-01-20,checkout
22,6_CST_ID,2023-01-20,purchase
23,7_CST_ID,2023-05-10,view_product
24,7_CST_ID,2023-05-10,add_to_cart
25,7_CST_ID,2023-05-10,checkout
26,7_CST_ID,2023-05-10,purchase
27,8_CST_ID,2023-04-06,view_product
28,8_CST_ID,2023-04-06,add_to_cart
29,8_CST_ID,2023-04-06,checkout
30,8_CST_ID,2023-04-06,purchase
31,9_CST_ID,2023-02-17,view_product
32,9_CST_ID,2023-02-17,add_to_cart
33,9_CST_ID,2023-02-17,checkout
34,9_CST_ID,2023-02-17,purchase
35,10_CST_ID,2023-03-01,view_product
36,10_CST_ID,2023-03-01,add_to_cart
37,10_CST_ID,2023-03-01,checkout
38,10_CST_ID,2023-03-01,purchase
39,11_CST_ID,2023-03-28,view_product
40,11_CST_ID,2023-03-28,add_to_cart
41,11_CST_ID,2023-03-28,purchase
42,12_CST_ID,2023-04-17,add_to_cart
43,12_CST_ID,2023-04-17,checkout
44,12_CST_ID,2023-04-17,purchase
45,13_CST_ID,2023-03-08,view_product
46,13_CST_ID,2023-03-08,add_to_cart
47,13_CST_ID,2023-03-08,checkout
48,13_CST_ID,2023-03-08,purchase
49,14_CST_ID,2023-03-15,view_product
50,14_CST_ID,2023-03-15,add_to_cart
51,14_CST_ID,2023-03-15,checkout
52,14_CST_ID,2023-03-15,purchase
53,15_CST_ID,2023-03-22,view_product
54,15_CST_ID,2023-03-22,add_to_cart
55,15_CST_ID,2023-03-22,checkout
56,16_CST_ID,2023-04-17,view_product
57,16_CST_ID,2023-04-17,add_to_cart
58,16_CST_ID,2023-04-17,checkout
59,16_CST_ID,2023-04-17,purchase
60,17_CST_ID,2023-06-03,view_product
61,17_CST_ID,2023-06-03,add_to_cart
62,17_CST_ID,2023-06-03,purchase
63,18_CST_ID,2023-02-06,view_product
64,18_CST_ID,2023-02-06,add_to_cart
65,18_CST_ID,2023-02-06,checkout
66,18_CST_ID,2023-02-06,purchase
67,19_CST_ID,2023-03-02,view_product
68,19_CST_ID,2023-03-02,add_to_cart
69,19_CST_ID,2023-03-02,checkout
70,19_CST_ID,2023-03-02,purchase
71,20_CST_ID,2023-02-02,view_product
72,20_CST_ID,2023-02-02,add_to_cart
73,20_CST_ID,2023-02-02,checkout
74,20_CST_ID,2023-02-02,purchase
75,21_CST_ID,2023-05-12,view_product
76,21_CST_ID,2023-05-12,purchase
77,22_CST_ID,2023-02-20,add_to_cart
78,22_CST_ID,2023-02-20,checkout
79,22_CST_ID,2023-02-20,purchase
80,23_CST_ID,2023-01-12,view_product
81,23_CST_ID,2023-01-12,add_to_cart
82,23_CST_ID,2023-01-12,checkout
83,23_CST_ID,2023-01-12,purchase
84,24_CST_ID,2023-04-11,view_product
85,24_CST_ID,2023-04-11,add_to_cart
86,24_CST_ID,2023-04-11,checkout
87,25_CST_ID,2023-04-28,view_product
88,25_CST_ID,2023-04-28,add_to_cart
89,25_CST_ID,2023-04-28,checkout
90,25_CST_ID,2023-04-28,purchase
91,26_CST_ID,2023-06-23,view_product
92,26_CST_ID,2023-06-23,add_to_cart
93,26_CST_ID,2023-06-23,checkout
94,26_CST_ID,2023-06-23,purchase
95,27_CST_ID,2023-01-21,view_product
96,27_CST_ID,2023-01-21,checkout
97,27_CST_ID,2023-01-21,purchase
98,28_CST_ID,2023-06-26,view_product
99,28_CST_ID,2023-06-26,add_to_cart
100,28_CST_ID,2023-06-26,checkout
101,29_CST_ID,2023-05-11,view_product
102,29_CST_ID,2023-05-11,checkout
103,29_CST_ID,2023-05-11,purchase
104,30_CST_ID,2023-02-23,view_product
105,30_CST_ID,2023-02-23,add_to_cart
106,30_CST_ID,2023-02-23,checkout
107,30_CST_ID,2023-02-23,purchase
108,31_CST_ID,2023-03-08,view_product
109,31_CST_ID,2023-03-08,add_to_cart
110,31_CST_ID,2023-03-08,checkout
111,31_CST_ID,2023-03-08,purchase
112,32_CST_ID,2023-05-15,view_product
113,32_CST_ID,2023-05-15,add_to_cart
114,32_CST_ID,2023-05-15,checkout
115,32_CST_ID,2023-05-15,purchase
116,33_CST_ID,2023-02-09,view_product
117,33_CST_ID,2023-02-09,add_to_cart
118,33_CST_ID,2023-02-09,checkout
119,33_CST_ID,2023-02-09,purchase
120,34_CST_ID,2023-01-22,view_product
121,34_CST_ID,2023-01-22,add_to_cart
122,34_CST_ID,2023-01-22,checkout
123,34_CST_ID,2023-01-22,purchase
124,35_CST_ID,2023-02-19,view_product
125,35_CST_ID,2023-02-19,add_to_cart
126,35_CST_ID,2023-02-19,checkout
127,35_CST_ID,2023-02-19,purchase
128,36_CST_ID,2023-02-06,view_product
129,36_CST_ID,2023-02-06,add_to_cart
130,36_CST_ID,2023-02-06,checkout
131,36_CST_ID,2023-02-06,purchase
132,37_CST_ID,2023-03-12,view_product
133,37_CST_ID,2023-03-12,add_to_cart
134,37_CST_ID,2023-03-12,checkout
135,37_CST_ID,2023-03-12,purchase
136,38_CST_ID,2023-05-14,view_product
137,38_CST_ID,2023-05-14,add_to_cart
138,38_CST_ID,2023-05-14,checkout
139,39_CST_ID,2023-03-19,view_product
140,39_CST_ID,2023-03-19,add_to_cart
141,39_CST_ID,2023-03-19,checkout
142,40_CST_ID,2023-02-28,view_product
143,40_CST_ID,2023-02-28,add_to_cart
144,40_CST_ID,2023-02-28,checkout
145,40_CST_ID,2023-02-28,purchase
146,41_CST_ID,2023-03-14,view_product
147,41_CST_ID,2023-03-14,add_to_cart
148,41_CST_ID,2023-03-14,checkout
149,41_CST_ID,2023-03-14,purchase
150,42_CST_ID,2023-05-15,view_product
151,42_CST_ID,2023-05-15,checkout
152,42_CST_ID,2023-05-15,purchase
153,43_CST_ID,2023-01-12,view_product
154,43_CST_ID,2023-01-12,add_to_cart
155,43_CST_ID,2023-01-12,checkout
156,43_CST_ID,2023-01-12,purchase
157,44_CST_ID,2023-06-12,view_product
158,44_CST_ID,2023-06-12,add_to_cart
159,44_CST_ID,2023-06-12,checkout
160,44_CST_ID,2023-06-12,purchase
161,45_CST_ID,2023-06-09,view_product
162,45_CST_ID,2023-06-09,add_to_cart
163,45_CST_ID,2023-06-09,checkout
164,45_CST_ID,2023-06-09,purchase
165,46_CST_ID,2023-05-15,view_product
166,46_CST_ID,2023-05-15,add_to_cart
167,46_CST_ID,2023-05-15,checkout
168,46_CST_ID,2023-05-15,purchase
169,47_CST_ID,2023-02-13,view_product
170,47_CST_ID,2023-02-13,add_to_cart
171,47_CST_ID,2023-02-13,checkout
172,48_CST_ID,2023-03-07,view_product
173,48_CST_ID,2023-03-07,checkout
174,48_CST_ID,2023-03-07,purchase
175,49_CST_ID,2023-01-16,view_product
176,49_CST_ID,2023-01-16,add_to_cart
177,49_CST_ID,2023-01-16,checkout
178,50_CST_ID,2023-06-03,view_product
179,50_CST_ID,2023-06-03,add_to_cart
180,50_CST_ID,2023-06-03,checkout
181,50_CST_ID,2023-06-03,purchase
182,51_CST_ID,2023-01-10,view_product
183,51_CST_ID,2023-01-10,checkout
184,51_CST_ID,2023-01-10,purchase
185,52_CST_ID,2023-03-12,view_product
186,52_CST_ID,2023-03-12,add_to_cart
187,52_CST_ID,2023-03-12,purchase
188,53_CST_ID,2023-02-26,view_product
189,53_CST_ID,2023-02-26,add_to_cart
190,53_CST_ID,2023-02-26,checkout
191,53_CST_ID,2023-02-26,purchase
192,54_CST_ID,2023-01-30,view_product
193,54_CST_ID,2023-01-30,add_to_cart
194,54_CST_ID,2023-01-30,checkout
195,54_CST_ID,2023-01-30,purchase
196,55_CST_ID,2023-01-01,add_to_cart
197,55_CST_ID,2023-01-01,purchase
198,56_CST_ID,2023-05-07,view_product
199,56_CST_ID,2023-05-07,add_to_cart
200,56_CST_ID,2023-05-07,checkout
201,56_CST_ID,2023-05-07,purchase
202,57_CST_ID,2023-06-08,add_to_cart
203,57_CST_ID,2023-06-08,checkout
204,57_CST_ID,2023-06-08,purchase
205,58_CST_ID,2023-01-22,view_product
206,58_CST_ID,2023-01-22,add_to_cart
207,58_CST_ID,2023-01-22,checkout
208,58_CST_ID,2023-01-22,purchase
209,59_CST_ID,2023-04-16,view_product
210,59_CST_ID,2023-04-16,add_to_cart
211,59_CST_ID,2023-04-16,purchase
212,60_CST_ID,2023-04-19,view_product
213,60_CST_ID,2023-04-19,add_to_cart
214,60_CST_ID,2023-04-19,checkout
215,60_CST_ID,2023-04-19,purchase
216,61_CST_ID,2023-05-31,view_product
217,61_CST_ID,2023-05-31,add_to_cart
218,61_CST_ID,2023-05-31,checkout
219,61_CST_ID,2023-05-31,purchase
220,62_CST_ID,2023-05-10,view_product
221,62_CST_ID,2023-05-10,add_to_cart
222,62_CST_ID,2023-05-10,checkout
223,62_CST_ID,2023-05-10,purchase
224,63_CST_ID,2023-03-16,view_product
225,63_CST_ID,2023-03-16,add_to_cart
226,63_CST_ID,2023-03-16,checkout
227,63_CST_ID,2023-03-16,purchase
228,64_CST_ID,2023-05-21,view_product
229,64_CST_ID,2023-05-21,add_to_cart
230,64_CST_ID,2023-05-21,checkout
231,64_CST_ID,2023-05-21,purchase
232,65_CST_ID,2023-05-18,view_product
233,65_CST_ID,2023-05-18,add_to_cart
234,65_CST_ID,2023-05-18,purchase
235,66_CST_ID,2023-06-09,view_product
236,66_CST_ID,2023-06-09,add_to_cart
237,66_CST_ID,2023-06-09,checkout
238,66_CST_ID,2023-06-09,purchase
239,67_CST_ID,2023-04-22,view_product
240,67_CST_ID,2023-04-22,add_to_cart
241,67_CST_ID,2023-04-22,checkout
242,67_CST_ID,2023-04-22,purchase
243,68_CST_ID,2023-06-19,view_product
244,68_CST_ID,2023-06-19,add_to_cart
245,68_CST_ID,2023-06-19,checkout
246,68_CST_ID,2023-06-19,purchase
247,69_CST_ID,2023-06-19,view_product
248,69_CST_ID,2023-06-19,add_to_cart
249,69_CST_ID,2023-06-19,checkout
250,69_CST_ID,2023-06-19,purchase
251,70_CST_ID,2023-02-27,view_product
252,70_CST_ID,2023-02-27,add_to_cart
253,70_CST_ID,2023-02-27,checkout
254,71_CST_ID,2023-03-14,view_product
255,71_CST_ID,2023-03-14,checkout
256,71_CST_ID,2023-03-14,purchase
257,72_CST_ID,2023-01-05,view_product
258,72_CST_ID,2023-01-05,add_to_cart
259,72_CST_ID,2023-01-05,checkout
260,72_CST_ID,2023-01-05,purchase
261,73_CST_ID,2023-05-25,view_product
262,73_CST_ID,2023-05-25,add_to_cart
263,73_CST_ID,2023-05-25,checkout
264,73_CST_ID,2023-05-25,purchase
265,74_CST_ID,2023-05-25,view_product
266,74_CST_ID,2023-05-25,add_to_cart
267,74_CST_ID,2023-05-25,checkout
268,74_CST_ID,2023-05-25,purchase
269,75_CST_ID,2023-04-22,view_product
270,75_CST_ID,2023-04-22,add_to_cart
271,75_CST_ID,2023-04-22,checkout
272,75_CST_ID,2023-04-22,purchase
273,76_CST_ID,2023-02-08,view_product
274,76_CST_ID,2023-02-08,checkout
275,76_CST_ID,2023-02-08,purchase
276,77_CST_ID,2023-03-09,view_product
277,77_CST_ID,2023-03-09,add_to_cart
278,77_CST_ID,2023-03-09,purchase
279,78_CST_ID,2023-02-12,view_product
280,78_CST_ID,2023-02-12,add_to_cart
281,78_CST_ID,2023-02-12,checkout
282,78_CST_ID,2023-02-12,purchase
283,79_CST_ID,2023-04-20,add_to_cart
284,79_CST_ID,2023-04-20,checkout
285,80_CST_ID,2023-01-01,view_product
286,80_CST_ID,2023-01-01,add_to_cart
287,80_CST_ID,2023-01-01,checkout
288,80_CST_ID,2023-01-01,purchase
289,81_CST_ID,2023-03-27,view_product
290,81_CST_ID,2023-03-27,add_to_cart
291,81_CST_ID,2023-03-27,checkout
292,81_CST_ID,2023-03-27,purchase
293,82_CST_ID,2023-06-18,view_product
294,82_CST_ID,2023-06-18,add_to_cart
295,82_CST_ID,2023-06-18,checkout
296,82_CST_ID,2023-06-18,purchase
297,83_CST_ID,2023-04-01,view_product
298,83_CST_ID,2023-04-01,add_to_cart
299,83_CST_ID,2023-04-01,purchase
300,84_CST_ID,2023-03-21,view_product
301,84_CST_ID,2023-03-21,add_to_cart
302,84_CST_ID,2023-03-21,checkout
303,84_CST_ID,2023-03-21,purchase
304,85_CST_ID,2023-04-11,view_product
305,85_CST_ID,2023-04-11,checkout
306,85_CST_ID,2023-04-11,purchase
307,86_CST_ID,2023-02-14,view_product
308,86_CST_ID,2023-02-14,add_to_cart
309,86_CST_ID,2023-02-14,checkout
310,86_CST_ID,2023-02-14,purchase
311,87_CST_ID,2023-01-31,view_product
312,87_CST_ID,2023-01-31,add_to_cart
313,87_CST_ID,2023-01-31,checkout
314,87_CST_ID,2023-01-31,purchase
315,88_CST_ID,2023-03-01,view_product
316,88_CST_ID,2023-03-01,add_to_cart
317,88_CST_ID,2023-03-01,checkout
318,88_CST_ID,2023-03-01,purchase
319,89_CST_ID,2023-06-04,view_product
320,89_CST_ID,2023-06-04,add_to_cart
321,89_CST_ID,2023-06-04,checkout
322,89_CST_ID,2023-06-04,purchase
323,90_CST_ID,2023-01-24,view_product
324,90_CST_ID,2023-01-24,add_to_cart
325,90_CST_ID,2023-01-24,checkout
326,90_CST_ID,2023-01-24,purchase
327,91_CST_ID,2023-05-28,view_product
328,91_CST_ID,2023-05-28,add_to_cart
329,91_CST_ID,2023-05-28,checkout
330,91_CST_ID,2023-05-28,purchase
331,92_CST_ID,2023-05-04,view_product
332,92_CST_ID,2023-05-04,add_to_cart
333,92_CST_ID,2023-05-04,checkout
334,92_CST_ID,2023-05-04,purchase
335,93_CST_ID,2023-03-10,view_product
336,93_CST_ID,2023-03-10,add_to_cart
337,93_CST_ID,2023-03-10,checkout
338,93_CST_ID,2023-03-10,purchase
339,94_CST_ID,2023-01-11,view_product
340,94_CST_ID,2023-01-11,purchase
341,95_CST_ID,2023-01-14,view_product
342,95_CST_ID,2023-01-14,add_to_cart
343,95_CST_ID,2023-01-14,checkout
344,96_CST_ID,2023-04-28,view_product
345,96_CST_ID,2023-04-28,add_to_cart
346,96_CST_ID,2023-04-28,checkout
347,96_CST_ID,2023-04-28,purchase
348,97_CST_ID,2023-01-07,view_product
349,97_CST_ID,2023-01-07,add_to_cart
350,97_CST_ID,2023-01-07,checkout
351,97_CST_ID,2023-01-07,purchase
352,98_CST_ID,2023-06-24,view_product
353,98_CST_ID,2023-06-24,add_to_cart
354,98_CST_ID,2023-06-24,checkout
355,98_CST_ID,2023-06-24,purchase
356,99_CST_ID,2023-01-10,view_product
357,99_CST_ID,2023-01-10,checkout
358,99_CST_ID,2023-01-10,purchase
359,100_CST_ID,2023-06-05,view_product
360,100_CST_ID,2023-06-05,add_to_cart
361,100_CST_ID,2023-06-05,checkout
362,100_CST_ID,2023-06-05,purchase
363,101_CST_ID,2023-03-23,view_product
364,101_CST_ID,2023-03-23,add_to_cart
365,101_CST_ID,2023-03-23,checkout
366,101_CST_ID,2023-03-23,purchase
367,102_CST_ID,2023-01-28,view_product
368,102_CST_ID,2023-01-28,add_to_cart
369,102_CST_ID,2023-01-28,checkout
370,102_CST_ID,2023-01-28,purchase
371,103_CST_ID,2023-04-16,view_product
372,103_CST_ID,2023-04-16,add_to_cart
373,103_CST_ID,2023-04-16,checkout
374,103_CST_ID,2023-04-16,purchase
375,104_CST_ID,2023-01-10,add_to_cart
376,104_CST_ID,2023-01-10,checkout
377,104_CST_ID,2023-01-10,purchase
378,105_CST_ID,2023-04-02,view_product
379,105_CST_ID,2023-04-02,add_to_cart
380,105_CST_ID,2023-04-02,checkout
381,106_CST_ID,2023-03-10,view_product
382,106_CST_ID,2023-03-10,add_to_cart
383,106_CST_ID,2023-03-10,checkout
384,106_CST_ID,2023-03-10,purchase
385,107_CST_ID,2023-03-16,view_product
386,107_CST_ID,2023-03-16,add_to_cart
387,107_CST_ID,2023-03-16,checkout
388,107_CST_ID,2023-03-16,purchase
389,108_CST_ID,2023-04-05,view_product
390,108_CST_ID,2023-04-05,add_to_cart
391,108_CST_ID,2023-04-05,checkout
392,108_CST_ID,2023-04-05,purchase
393,109_CST_ID,2023-03-18,view_product
394,109_CST_ID,2023-03-18,checkout
395,109_CST_ID,2023-03-18,purchase
396,110_CST_ID,2023-04-03,view_product
397,110_CST_ID,2023-04-03,add_to_cart
398,110_CST_ID,2023-04-03,purchase
399,111_CST_ID,2023-06-03,view_product
400,111_CST_ID,2023-06-03,add_to_cart
401,111_CST_ID,2023-06-03,checkout
402,111_CST_ID,2023-06-03,purchase
403,112_CST_ID,2023-05-13,view_product
404,112_CST_ID,2023-05-13,add_to_cart
405,112_CST_ID,2023-05-13,checkout
406,112_CST_ID,2023-05-13,purchase
407,113_CST_ID,2023-06-12,view_product
408,113_CST_ID,2023-06-12,add_to_cart
409,113_CST_ID,2023-06-12,checkout
410,113_CST_ID,2023-06-12,purchase
411,114_CST_ID,2023-02-03,view_product
412,114_CST_ID,2023-02-03,checkout
413,114_CST_ID,2023-02-03,purchase
414,115_CST_ID,2023-05-06,view_product
415,115_CST_ID,2023-05-06,add_to_cart
416,115_CST_ID,2023-05-06,purchase
417,116_CST_ID,2023-03-14,view_product
418,116_CST_ID,2023-03-14,add_to_cart
419,116_CST_ID,2023-03-14,checkout
420,117_CST_ID,2023-06-20,view_product
421,117_CST_ID,2023-06-20,add_to_cart
422,117_CST_ID,2023-06-20,checkout
423,117_CST_ID,2023-06-20,purchase
424,118_CST_ID,2023-02-07,view_product
425,118_CST_ID,2023-02-07,add_to_cart
426,118_CST_ID,2023-02-07,checkout
427,118_CST_ID,2023-02-07,purchase
428,119_CST_ID,2023-05-17,view_product
429,119_CST_ID,2023-05-17,add_to_cart
430,119_CST_ID,2023-05-17,checkout
431,119_CST_ID,2023-05-17,purchase
432,120_CST_ID,2023-06-18,view_product
433,120_CST_ID,2023-06-18,add_to_cart
434,120_CST_ID,2023-06-18,checkout
435,120_CST_ID,2023-06-18,purchase
436,121_CST_ID,2023-01-13,view_product
437,121_CST_ID,2023-01-13,add_to_cart
438,121_CST_ID,2023-01-13,purchase
439,122_CST_ID,2023-06-02,view_product
440,122_CST_ID,2023-06-02,add_to_cart
441,122_CST_ID,2023-06-02,checkout
442,122_CST_ID,2023-06-02,purchase
443,123_CST_ID,2023-06-06,view_product
444,123_CST_ID,2023-06-06,add_to_cart
445,123_CST_ID,2023-06-06,purchase
446,124_CST_ID,2023-05-04,view_product
447,124_CST_ID,2023-05-04,add_to_cart
448,124_CST_ID,2023-05-04,checkout
449,125_CST_ID,2023-01-22,view_product
450,125_CST_ID,2023-01-22,checkout
451,125_CST_ID,2023-01-22,purchase
452,126_CST_ID,2023-01-30,view_product
453,126_CST_ID,2023-01-30,add_to_cart
454,126_CST_ID,2023-01-30,checkout
455,126_CST_ID,2023-01-30,purchase
456,127_CST_ID,2023-05-06,view_product
457,127_CST_ID,2023-05-06,add_to_cart
458,127_CST_ID,2023-05-06,checkout
459,127_CST_ID,2023-05-06,purchase
460,128_CST_ID,2023-05-30,view_product
461,128_CST_ID,2023-05-30,add_to_cart
462,128_CST_ID,2023-05-30,purchase
463,129_CST_ID,2023-05-17,add_to_cart
464,129_CST_ID,2023-05-17,checkout
465,129_CST_ID,2023-05-17,purchase
466,130_CST_ID,2023-05-26,view_product
467,130_CST_ID,2023-05-26,add_to_cart
468,130_CST_ID,2023-05-26,checkout
469,130_CST_ID,2023-05-26,purchase
470,131_CST_ID,2023-04-18,add_to_cart
471,131_CST_ID,2023-04-18,checkout
472,132_CST_ID,2023-05-25,view_product
473,132_CST_ID,2023-05-25,add_to_cart
474,132_CST_ID,2023-05-25,checkout
475,132_CST_ID,2023-05-25,purchase
476,133_CST_ID,2023-01-15,view_product
477,133_CST_ID,2023-01-15,add_to_cart
478,133_CST_ID,2023-01-15,checkout
479,133_CST_ID,2023-01-15,purchase
480,134_CST_ID,2023-01-10,view_product
481,134_CST_ID,2023-01-10,add_to_cart
482,134_CST_ID,2023-01-10,checkout
483,134_CST_ID,2023-01-10,purchase
484,135_CST_ID,2023-03-21,view_product
485,135_CST_ID,2023-03-21,add_to_cart
486,135_CST_ID,2023-03-21,checkout
487,136_CST_ID,2023-03-11,view_product
488,136_CST_ID,2023-03-11,add_to_cart
489,136_CST_ID,2023-03-11,purchase
490,137_CST_ID,2023-04-24,add_to_cart
491,137_CST_ID,2023-04-24,checkout
492,137_CST_ID,2023-04-24,purchase
493,138_CST_ID,2023-05-06,view_product
494,138_CST_ID,2023-05-06,add_to_cart
495,138_CST_ID,2023-05-06,checkout
496,138_CST_ID,2023-05-06,purchase
497,139_CST_ID,2023-05-19,view_product
498,139_CST_ID,2023-05-19,add_to_cart
499,139_CST_ID,2023-05-19,checkout
500,139_CST_ID,2023-05-19,purchase
501,140_CST_ID,2023-01-13,view_product
502,140_CST_ID,2023-01-13,add_to_cart
503,140_CST_ID,2023-01-13,checkout
504,140_CST_ID,2023-01-13,purchase
505,141_CST_ID,2023-02-06,view_product
506,141_CST_ID,2023-02-06,add_to_cart
507,141_CST_ID,2023-02-06,checkout
508,141_CST_ID,2023-02-06,purchase
509,142_CST_ID,2023-06-01,view_product
510,142_CST_ID,2023-06-01,add_to_cart
511,142_CST_ID,2023-06-01,purchase
512,143_CST_ID,2023-03-31,view_product
513,143_CST_ID,2023-03-31,add_to_cart
514,143_CST_ID,2023-03-31,checkout
515,144_CST_ID,2023-01-19,view_product
516,144_CST_ID,2023-01-19,add_to_cart
517,144_CST_ID,2023-01-19,checkout
518,144_CST_ID,2023-01-19,purchase
519,145_CST_ID,2023-01-12,view_product
520,145_CST_ID,2023-01-12,add_to_cart
521,145_CST_ID,2023-01-12,checkout
522,145_CST_ID,2023-01-12,purchase
523,146_CST_ID,2023-03-06,view_product
524,146_CST_ID,2023-03-06,checkout
525,147_CST_ID,2023-04-05,view_product
526,147_CST_ID,2023-04-05,add_to_cart
527,147_CST_ID,2023-04-05,checkout
528,147_CST_ID,2023-04-05,purchase
529,148_CST_ID,2023-03-05,view_product
530,148_CST_ID,2023-03-05,add_to_cart
531,148_CST_ID,2023-03-05,checkout
532,149_CST_ID,2023-01-19,view_product
533,149_CST_ID,2023-01-19,add_to_cart
534,149_CST_ID,2023-01-19,checkout
535,149_CST_ID,2023-01-19,purchase
536,150_CST_ID,2023-02-24,view_product
537,150_CST_ID,2023-02-24,add_to_cart
538,150_CST_ID,2023-02-24,checkout
539,150_CST_ID,2023-02-24,purchase
540,151_CST_ID,2023-03-06,view_product
541,151_CST_ID,2023-03-06,add_to_cart
542,151_CST_ID,2023-03-06,checkout
543,151_CST_ID,2023-03-06,purchase
544,152_CST_ID,2023-03-31,view_product
545,152_CST_ID,2023-03-31,add_to_cart
546,152_CST_ID,2023-03-31,checkout
547,152_CST_ID,2023-03-31,purchase
548,153_CST_ID,2023-04-18,view_product
549,153_CST_ID,2023-04-18,add_to_cart
550,153_CST_ID,2023-04-18,checkout
551,153_CST_ID,2023-04-18,purchase
552,154_CST_ID,2023-03-23,view_product
553,154_CST_ID,2023-03-23,add_to_cart
554,154_CST_ID,2023-03-23,checkout
555,154_CST_ID,2023-03-23,purchase
556,155_CST_ID,2023-01-09,view_product
557,155_CST_ID,2023-01-09,add_to_cart
558,155_CST_ID,2023-01-09,checkout
559,155_CST_ID,2023-01-09,purchase
560,156_CST_ID,2023-03-31,view_product
561,156_CST_ID,2023-03-31,add_to_cart
562,156_CST_ID,2023-03-31,checkout
563,156_CST_ID,2023-03-31,purchase
564,157_CST_ID,2023-05-04,view_product
565,157_CST_ID,2023-05-04,add_to_cart
566,157_CST_ID,2023-05-04,checkout
567,157_CST_ID,2023-05-04,purchase
568,158_CST_ID,2023-02-15,view_product
569,158_CST_ID,2023-02-15,add_to_cart
570,158_CST_ID,2023-02-15,purchase
571,159_CST_ID,2023-05-18,view_product
572,159_CST_ID,2023-05-18,add_to_cart
573,159_CST_ID,2023-05-18,checkout
574,159_CST_ID,2023-05-18,purchase
575,160_CST_ID,2023-03-24,view_product
576,160_CST_ID,2023-03-24,add_to_cart
577,160_CST_ID,2023-03-24,checkout
578,160_CST_ID,2023-03-24,purchase
579,161_CST_ID,2023-02-03,view_product
580,161_CST_ID,2023-02-03,checkout
581,161_CST_ID,2023-02-03,purchase
582,162_CST_ID,2023-04-21,view_product
583,162_CST_ID,2023-04-21,add_to_cart
584,162_CST_ID,2023-04-21,checkout
585,162_CST_ID,2023-04-21,purchase
586,163_CST_ID,2023-05-14,view_product
587,163_CST_ID,2023-05-14,add_to_cart
588,163_CST_ID,2023-05-14,checkout
589,163_CST_ID,2023-05-14,purchase
590,164_CST_ID,2023-02-28,add_to_cart
591,164_CST_ID,2023-02-28,checkout
592,164_CST_ID,2023-02-28,purchase
593,165_CST_ID,2023-05-11,view_product
594,165_CST_ID,2023-05-11,add_to_cart
595,165_CST_ID,2023-05-11,checkout
596,165_CST_ID,2023-05-11,purchase
597,166_CST_ID,2023-04-05,view_product
598,166_CST_ID,2023-04-05,add_to_cart
599,166_CST_ID,2023-04-05,checkout
600,167_CST_ID,2023-01-29,view_product
601,167_CST_ID,2023-01-29,add_to_cart
602,167_CST_ID,2023-01-29,checkout
603,167_CST_ID,2023-01-29,purchase
604,168_CST_ID,2023-06-09,view_product
605,168_CST_ID,2023-06-09,add_to_cart
606,168_CST_ID,2023-06-09,checkout
607,168_CST_ID,2023-06-09,purchase
608,169_CST_ID,2023-02-21,add_to_cart
609,169_CST_ID,2023-02-21,checkout
610,169_CST_ID,2023-02-21,purchase
611,170_CST_ID,2023-04-27,view_product
612,170_CST_ID,2023-04-27,add_to_cart
613,170_CST_ID,2023-04-27,checkout
614,170_CST_ID,2023-04-27,purchase
615,171_CST_ID,2023-03-08,view_product
616,171_CST_ID,2023-03-08,add_to_cart
617,171_CST_ID,2023-03-08,checkout
618,171_CST_ID,2023-03-08,purchase
619,172_CST_ID,2023-06-11,view_product
620,172_CST_ID,2023-06-11,add_to_cart
621,172_CST_ID,2023-06-11,checkout
622,173_CST_ID,2023-01-07,view_product
623,173_CST_ID,2023-01-07,add_to_cart
624,173_CST_ID,2023-01-07,checkout
625,173_CST_ID,2023-01-07,purchase
626,174_CST_ID,2023-01-20,view_product
627,174_CST_ID,2023-01-20,checkout
628,174_CST_ID,2023-01-20,purchase
629,175_CST_ID,2023-05-19,view_product
630,175_CST_ID,2023-05-19,add_to_cart
631,175_CST_ID,2023-05-19,checkout
632,175_CST_ID,2023-05-19,purchase
633,176_CST_ID,2023-05-16,view_product
634,176_CST_ID,2023-05-16,add_to_cart
635,176_CST_ID,2023-05-16,checkout
636,176_CST_ID,2023-05-16,purchase
637,177_CST_ID,2023-06-27,view_product
638,177_CST_ID,2023-06-27,add_to_cart
639,177_CST_ID,2023-06-27,checkout
640,177_CST_ID,2023-06-27,purchase
641,178_CST_ID,2023-05-30,view_product
642,178_CST_ID,2023-05-30,add_to_cart
643,178_CST_ID,2023-05-30,checkout
644,179_CST_ID,2023-04-02,view_product
645,179_CST_ID,2023-04-02,add_to_cart
646,179_CST_ID,2023-04-02,checkout
647,179_CST_ID,2023-04-02,purchase
648,180_CST_ID,2023-05-02,view_product
649,180_CST_ID,2023-05-02,add_to_cart
650,180_CST_ID,2023-05-02,checkout
651,180_CST_ID,2023-05-02,purchase
652,181_CST_ID,2023-03-13,view_product
653,181_CST_ID,2023-03-13,add_to_cart
654,181_CST_ID,2023-03-13,checkout
655,181_CST_ID,2023-03-13,purchase
656,182_CST_ID,2023-02-28,view_product
657,182_CST_ID,2023-02-28,add_to_cart
658,182_CST_ID,2023-02-28,checkout
659,182_CST_ID,2023-02-28,purchase
660,183_CST_ID,2023-04-23,view_product
661,183_CST_ID,2023-04-23,add_to_cart
662,183_CST_ID,2023-04-23,checkout
663,183_CST_ID,2023-04-23,purchase
664,184_CST_ID,2023-02-22,add_to_cart
665,184_CST_ID,2023-02-22,checkout
666,184_CST_ID,2023-02-22,purchase
667,185_CST_ID,2023-04-08,view_product
668,185_CST_ID,2023-04-08,add_to_cart
669,185_CST_ID,2023-04-08,checkout
670,185_CST_ID,2023-04-08,purchase
671,186_CST_ID,2023-06-12,view_product
672,186_CST_ID,2023-06-12,add_to_cart
673,186_CST_ID,2023-06-12,purchase
674,187_CST_ID,2023-05-22,view_product
675,187_CST_ID,2023-05-22,add_to_cart
676,187_CST_ID,2023-05-22,checkout
677,187_CST_ID,2023-05-22,purchase
678,188_CST_ID,2023-02-23,view_product
679,188_CST_ID,2023-02-23,add_to_cart
680,188_CST_ID,2023-02-23,checkout
681,188_CST_ID,2023-02-23,purchase
682,189_CST_ID,2023-03-13,view_product
683,189_CST_ID,2023-03-13,add_to_cart
684,189_CST_ID,2023-03-13,checkout
685,189_CST_ID,2023-03-13,purchase
686,190_CST_ID,2023-03-07,view_product
687,190_CST_ID,2023-03-07,add_to_cart
688,190_CST_ID,2023-03-07,checkout
689,190_CST_ID,2023-03-07,purchase
690,191_CST_ID,2023-04-14,view_product
691,191_CST_ID,2023-04-14,add_to_cart
692,191_CST_ID,2023-04-14,checkout
693,191_CST_ID,2023-04-14,purchase
694,192_CST_ID,2023-03-30,view_product
695,192_CST_ID,2023-03-30,add_to_cart
696,192_CST_ID,2023-03-30,checkout
697,192_CST_ID,2023-03-30,purchase
698,193_CST_ID,2023-01-28,view_product
699,193_CST_ID,2023-01-28,add_to_cart
700,193_CST_ID,2023-01-28,checkout
701,193_CST_ID,2023-01-28,purchase
702,194_CST_ID,2023-06-28,checkout
703,194_CST_ID,2023-06-28,purchase
704,195_CST_ID,2023-02-04,view_product
705,195_CST_ID,2023-02-04,add_to_cart
706,195_CST_ID,2023-02-04,checkout
707,195_CST_ID,2023-02-04,purchase
708,196_CST_ID,2023-02-09,view_product
709,196_CST_ID,2023-02-09,add_to_cart
710,196_CST_ID,2023-02-09,checkout
711,196_CST_ID,2023-02-09,purchase
712,197_CST_ID,2023-03-01,view_product
713,197_CST_ID,2023-03-01,add_to_cart
714,197_CST_ID,2023-03-01,purchase
715,198_CST_ID,2023-06-02,view_product
716,198_CST_ID,2023-06-02,add_to_cart
717,198_CST_ID,2023-06-02,checkout
718,198_CST_ID,2023-06-02,purchase
719,199_CST_ID,2023-01-24,view_product
720,199_CST_ID,2023-01-24,add_to_cart
721,199_CST_ID,2023-01-24,checkout
722,199_CST_ID,2023-01-24,purchase
723,200_CST_ID,2023-02-17,add_to_cart
724,200_CST_ID,2023-02-17,checkout
725,200_CST_ID,2023-02-17,purchase
726,201_CST_ID,2023-06-11,view_product
727,201_CST_ID,2023-06-11,add_to_cart
728,201_CST_ID,2023-06-11,checkout
729,201_CST_ID,2023-06-11,purchase
730,202_CST_ID,2023-03-27,view_product
731,202_CST_ID,2023-03-27,add_to_cart
732,202_CST_ID,2023-03-27,purchase
733,203_CST_ID,2023-06-02,view_product
734,203_CST_ID,2023-06-02,add_to_cart
735,203_CST_ID,2023-06-02,checkout
736,204_CST_ID,2023-04-26,view_product
737,204_CST_ID,2023-04-26,add_to_cart
738,204_CST_ID,2023-04-26,purchase
739,205_CST_ID,2023-01-22,view_product
740,205_CST_ID,2023-01-22,add_to_cart
741,205_CST_ID,2023-01-22,purchase
742,206_CST_ID,2023-04-28,view_product
743,206_CST_ID,2023-04-28,add_to_cart
744,206_CST_ID,2023-04-28,checkout
745,206_CST_ID,2023-04-28,purchase
746,207_CST_ID,2023-05-16,view_product
747,207_CST_ID,2023-05-16,add_to_cart
748,207_CST_ID,2023-05-16,checkout
749,207_CST_ID,2023-05-16,purchase
750,208_CST_ID,2023-02-01,view_product
751,208_CST_ID,2023-02-01,add_to_cart
752,208_CST_ID,2023-02-01,checkout
753,208_CST_ID,2023-02-01,purchase
754,209_CST_ID,2023-05-27,add_to_cart
755,209_CST_ID,2023-05-27,checkout
756,209_CST_ID,2023-05-27,purchase
757,210_CST_ID,2023-05-28,view_product
758,210_CST_ID,2023-05-28,add_to_cart
759,210_CST_ID,2023-05-28,checkout
760,210_CST_ID,2023-05-28,purchase
761,211_CST_ID,2023-04-18,view_product
762,211_CST_ID,2023-04-18,add_to_cart
763,211_CST_ID,2023-04-18,checkout
764,211_CST_ID,2023-04-18,purchase
765,212_CST_ID,2023-04-19,view_product
766,212_CST_ID,2023-04-19,add_to_cart
767,212_CST_ID,2023-04-19,checkout
768,212_CST_ID,2023-04-19,purchase
769,213_CST_ID,2023-02-12,view_product
770,213_CST_ID,2023-02-12,add_to_cart
771,213_CST_ID,2023-02-12,checkout
772,213_CST_ID,2023-02-12,purchase
773,214_CST_ID,2023-02-02,view_product
774,214_CST_ID,2023-02-02,add_to_cart
775,214_CST_ID,2023-02-02,checkout
776,214_CST_ID,2023-02-02,purchase
777,215_CST_ID,2023-06-16,view_product
778,215_CST_ID,2023-06-16,add_to_cart
779,215_CST_ID,2023-06-16,checkout
780,215_CST_ID,2023-06-16,purchase
781,216_CST_ID,2023-02-08,view_product
782,216_CST_ID,2023-02-08,add_to_cart
783,216_CST_ID,2023-02-08,checkout
784,216_CST_ID,2023-02-08,purchase
785,217_CST_ID,2023-04-08,view_product
786,217_CST_ID,2023-04-08,add_to_cart
787,217_CST_ID,2023-04-08,checkout
788,217_CST_ID,2023-04-08,purchase
789,218_CST_ID,2023-03-10,view_product
790,218_CST_ID,2023-03-10,add_to_cart
791,218_CST_ID,2023-03-10,checkout
792,218_CST_ID,2023-03-10,purchase
793,219_CST_ID,2023-05-13,view_product
794,219_CST_ID,2023-05-13,add_to_cart
795,219_CST_ID,2023-05-13,checkout
796,219_CST_ID,2023-05-13,purchase
797,220_CST_ID,2023-01-01,view_product
798,220_CST_ID,2023-01-01,add_to_cart
799,220_CST_ID,2023-01-01,checkout
800,221_CST_ID,2023-03-27,view_product
801,221_CST_ID,2023-03-27,add_to_cart
802,221_CST_ID,2023-03-27,checkout
803,221_CST_ID,2023-03-27,purchase
804,222_CST_ID,2023-05-18,view_product
805,222_CST_ID,2023-05-18,add_to_cart
806,222_CST_ID,2023-05-18,purchase
807,223_CST_ID,2023-06-03,view_product
808,223_CST_ID,2023-06-03,add_to_cart
809,223_CST_ID,2023-06-03,checkout
810,223_CST_ID,2023-06-03,purchase
811,224_CST_ID,2023-01-25,add_to_cart
812,224_CST_ID,2023-01-25,checkout
813,224_CST_ID,2023-01-25,purchase
814,225_CST_ID,2023-06-25,view_product
815,225_CST_ID,2023-06-25,add_to_cart
816,225_CST_ID,2023-06-25,checkout
817,225_CST_ID,2023-06-25,purchase
818,226_CST_ID,2023-01-07,view_product
819,226_CST_ID,2023-01-07,add_to_cart
820,226_CST_ID,2023-01-07,checkout
821,226_CST_ID,2023-01-07,purchase
822,227_CST_ID,2023-06-05,view_product
823,227_CST_ID,2023-06-05,add_to_cart
824,227_CST_ID,2023-06-05,checkout
825,228_CST_ID,2023-02-10,view_product
826,228_CST_ID,2023-02-10,add_to_cart
827,228_CST_ID,2023-02-10,checkout
828,228_CST_ID,2023-02-10,purchase
829,229_CST_ID,2023-04-15,view_product
830,229_CST_ID,2023-04-15,add_to_cart
831,229_CST_ID,2023-04-15,checkout
832,229_CST_ID,2023-04-15,purchase
833,230_CST_ID,2023-06-05,view_product
834,230_CST_ID,2023-06-05,add_to_cart
835,230_CST_ID,2023-06-05,purchase
836,231_CST_ID,2023-02-08,view_product
837,231_CST_ID,2023-02-08,add_to_cart
838,231_CST_ID,2023-02-08,checkout
839,231_CST_ID,2023-02-08,purchase
840,232_CST_ID,2023-02-26,view_product
841,232_CST_ID,2023-02-26,add_to_cart
842,232_CST_ID,2023-02-26,checkout
843,232_CST_ID,2023-02-26,purchase
844,233_CST_ID,2023-02-07,view_product
845,233_CST_ID,2023-02-07,add_to_cart
846,233_CST_ID,2023-02-07,checkout
847,233_CST_ID,2023-02-07,purchase
848,234_CST_ID,2023-01-11,add_to_cart
849,234_CST_ID,2023-01-11,checkout
850,234_CST_ID,2023-01-11,purchase
851,235_CST_ID,2023-04-11,view_product
852,235_CST_ID,2023-04-11,add_to_cart
853,235_CST_ID,2023-04-11,checkout
854,235_CST_ID,2023-04-11,purchase
855,236_CST_ID,2023-01-20,view_product
856,236_CST_ID,2023-01-20,add_to_cart
857,236_CST_ID,2023-01-20,checkout
858,236_CST_ID,2023-01-20,purchase
859,237_CST_ID,2023-03-17,view_product
860,237_CST_ID,2023-03-17,add_to_cart
861,237_CST_ID,2023-03-17,checkout
862,237_CST_ID,2023-03-17,purchase
863,238_CST_ID,2023-06-26,view_product
864,238_CST_ID,2023-06-26,add_to_cart
865,238_CST_ID,2023-06-26,checkout
866,238_CST_ID,2023-06-26,purchase
867,239_CST_ID,2023-06-19,view_product
868,239_CST_ID,2023-06-19,add_to_cart
869,239_CST_ID,2023-06-19,checkout
870,239_CST_ID,2023-06-19,purchase
871,240_CST_ID,2023-04-02,view_product
872,240_CST_ID,2023-04-02,add_to_cart
873,240_CST_ID,2023-04-02,checkout
874,241_CST_ID,2023-01-03,view_product
875,241_CST_ID,2023-01-03,add_to_cart
876,241_CST_ID,2023-01-03,checkout
877,241_CST_ID,2023-01-03,purchase
878,242_CST_ID,2023-03-13,add_to_cart
879,242_CST_ID,2023-03-13,checkout
880,243_CST_ID,2023-02-15,view_product
881,243_CST_ID,2023-02-15,add_to_cart
882,243_CST_ID,2023-02-15,checkout
883,243_CST_ID,2023-02-15,purchase
884,244_CST_ID,2023-04-10,view_product
885,244_CST_ID,2023-04-10,add_to_cart
886,244_CST_ID,2023-04-10,checkout
887,244_CST_ID,2023-04-10,purchase
888,245_CST_ID,2023-04-07,view_product
889,245_CST_ID,2023-04-07,add_to_cart
890,245_CST_ID,2023-04-07,checkout
891,245_CST_ID,2023-04-07,purchase
892,246_CST_ID,2023-03-30,view_product
893,246_CST_ID,2023-03-30,add_to_cart
894,246_CST_ID,2023-03-30,purchase
895,247_CST_ID,2023-05-29,view_product
896,247_CST_ID,2023-05-29,add_to_cart
897,247_CST_ID,2023-05-29,checkout
898,247_CST_ID,2023-05-29,purchase
899,248_CST_ID,2023-05-24,view_product
900,248_CST_ID,2023-05-24,add_to_cart
901,248_CST_ID,2023-05-24,checkout
902,248_CST_ID,2023-05-24,purchase
903,249_CST_ID,2023-01-18,view_product
904,249_CST_ID,2023-01-18,add_to_cart
905,249_CST_ID,2023-01-18,checkout
906,249_CST_ID,2023-01-18,purchase
907,250_CST_ID,2023-06-14,view_product
908,250_CST_ID,2023-06-14,add_to_cart
909,250_CST_ID,2023-06-14,checkout
910,251_CST_ID,2023-04-18,view_product
911,251_CST_ID,2023-04-18,add_to_cart
912,251_CST_ID,2023-04-18,purchase
913,252_CST_ID,2023-03-02,view_product
914,252_CST_ID,2023-03-02,add_to_cart
915,252_CST_ID,2023-03-02,checkout
916,252_CST_ID,2023-03-02,purchase
917,253_CST_ID,2023-05-19,add_to_cart
918,253_CST_ID,2023-05-19,checkout
919,254_CST_ID,2023-04-17,view_product
920,254_CST_ID,2023-04-17,add_to_cart
921,254_CST_ID,2023-04-17,checkout
922,254_CST_ID,2023-04-17,purchase
923,255_CST_ID,2023-06-27,view_product
924,255_CST_ID,2023-06-27,checkout
925,255_CST_ID,2023-06-27,purchase
926,256_CST_ID,2023-06-04,view_product
927,256_CST_ID,2023-06-04,add_to_cart
928,256_CST_ID,2023-06-04,checkout
929,256_CST_ID,2023-06-04,purchase
930,257_CST_ID,2023-03-07,view_product
931,257_CST_ID,2023-03-07,purchase
932,258_CST_ID,2023-06-10,view_product
933,258_CST_ID,2023-06-10,checkout
934,258_CST_ID,2023-06-10,purchase
935,259_CST_ID,2023-01-19,view_product
936,259_CST_ID,2023-01-19,add_to_cart
937,259_CST_ID,2023-01-19,checkout
938,259_CST_ID,2023-01-19,purchase
939,260_CST_ID,2023-01-23,add_to_cart
940,261_CST_ID,2023-01-09,add_to_cart
941,261_CST_ID,2023-01-09,purchase
942,262_CST_ID,2023-04-06,view_product
943,262_CST_ID,2023-04-06,add_to_cart
944,262_CST_ID,2023-04-06,checkout
945,263_CST_ID,2023-06-23,view_product
946,263_CST_ID,2023-06-23,add_to_cart
947,263_CST_ID,2023-06-23,checkout
948,263_CST_ID,2023-06-23,purchase
949,264_CST_ID,2023-01-31,view_product
950,264_CST_ID,2023-01-31,add_to_cart
951,264_CST_ID,2023-01-31,checkout
952,264_CST_ID,2023-01-31,purchase
953,265_CST_ID,2023-01-13,view_product
954,265_CST_ID,2023-01-13,add_to_cart
955,265_CST_ID,2023-01-13,checkout
956,265_CST_ID,2023-01-13,purchase
957,266_CST_ID,2023-06-12,view_product
958,266_CST_ID,2023-06-12,checkout
959,266_CST_ID,2023-06-12,purchase
960,267_CST_ID,2023-02-12,view_product
961,267_CST_ID,2023-02-12,add_to_cart
962,267_CST_ID,2023-02-12,checkout
963,267_CST_ID,2023-02-12,purchase
964,268_CST_ID,2023-03-06,view_product
965,268_CST_ID,2023-03-06,add_to_cart
966,268_CST_ID,2023-03-06,purchase
967,269_CST_ID,2023-04-02,view_product
968,269_CST_ID,2023-04-02,checkout
969,269_CST_ID,2023-04-02,purchase
970,270_CST_ID,2023-01-21,add_to_cart
971,270_CST_ID,2023-01-21,checkout
972,270_CST_ID,2023-01-21,purchase
973,271_CST_ID,2023-01-12,view_product
974,271_CST_ID,2023-01-12,add_to_cart
975,271_CST_ID,2023-01-12,checkout
976,271_CST_ID,2023-01-12,purchase
977,272_CST_ID,2023-05-06,view_product
978,272_CST_ID,2023-05-06,add_to_cart
979,272_CST_ID,2023-05-06,checkout
980,272_CST_ID,2023-05-06,purchase
981,273_CST_ID,2023-06-14,view_product
982,273_CST_ID,2023-06-14,add_to_cart
983,273_CST_ID,2023-06-14,checkout
984,273_CST_ID,2023-06-14,purchase
985,274_CST_ID,2023-05-30,view_product
986,274_CST_ID,2023-05-30,add_to_cart
987,274_CST_ID,2023-05-30,checkout
988,274_CST_ID,2023-05-30,purchase
989,275_CST_ID,2023-04-12,view_product
990,275_CST_ID,2023-04-12,add_to_cart
991,275_CST_ID,2023-04-12,checkout
992,276_CST_ID,2023-06-30,view_product
993,276_CST_ID,2023-06-30,checkout
994,276_CST_ID,2023-06-30,purchase
995,277_CST_ID,2023-06-30,view_product
996,277_CST_ID,2023-06-30,add_to_cart
997,277_CST_ID,2023-06-30,checkout
998,278_CST_ID,2023-05-10,view_product
999,278_CST_ID,2023-05-10,add_to_cart
1000,278_CST_ID,2023-05-10,checkout
1001,278_CST_ID,2023-05-10,purchase
1002,279_CST_ID,2023-06-28,view_product
1003,279_CST_ID,2023-06-28,add_to_cart
1004,279_CST_ID,2023-06-28,checkout
1005,279_CST_ID,2023-06-28,purchase
1006,280_CST_ID,2023-06-21,view_product
1007,280_CST_ID,2023-06-21,add_to_cart
1008,280_CST_ID,2023-06-21,checkout
1009,280_CST_ID,2023-06-21,purchase
1010,281_CST_ID,2023-02-10,view_product
1011,281_CST_ID,2023-02-10,add_to_cart
1012,281_CST_ID,2023-02-10,checkout
1013,281_CST_ID,2023-02-10,purchase
1014,282_CST_ID,2023-05-25,view_product
1015,282_CST_ID,2023-05-25,add_to_cart
1016,282_CST_ID,2023-05-25,checkout
1017,282_CST_ID,2023-05-25,purchase
1018,283_CST_ID,2023-04-03,view_product
1019,283_CST_ID,2023-04-03,add_to_cart
1020,283_CST_ID,2023-04-03,checkout
1021,283_CST_ID,2023-04-03,purchase
1022,284_CST_ID,2023-03-20,view_product
1023,284_CST_ID,2023-03-20,add_to_cart
1024,284_CST_ID,2023-03-20,checkout
1025,284_CST_ID,2023-03-20,purchase
1026,285_CST_ID,2023-02-05,add_to_cart
1027,285_CST_ID,2023-02-05,checkout
1028,286_CST_ID,2023-06-11,view_product
1029,286_CST_ID,2023-06-11,add_to_cart
1030,286_CST_ID,2023-06-11,checkout
1031,286_CST_ID,2023-06-11,purchase
1032,287_CST_ID,2023-04-26,add_to_cart
1033,287_CST_ID,2023-04-26,checkout
1034,287_CST_ID,2023-04-26,purchase
1035,288_CST_ID,2023-05-23,view_product
1036,288_CST_ID,2023-05-23,add_to_cart
1037,288_CST_ID,2023-05-23,checkout
1038,288_CST_ID,2023-05-23,purchase
1039,289_CST_ID,2023-03-10,view_product
1040,289_CST_ID,2023-03-10,checkout
1041,289_CST_ID,2023-03-10,purchase
1042,290_CST_ID,2023-04-25,view_product
1043,290_CST_ID,2023-04-25,add_to_cart
1044,290_CST_ID,2023-04-25,checkout
1045,290_CST_ID,2023-04-25,purchase
1046,291_CST_ID,2023-01-11,view_product
1047,291_CST_ID,2023-01-11,add_to_cart
1048,291_CST_ID,2023-01-11,checkout
1049,291_CST_ID,2023-01-11,purchase
1050,292_CST_ID,2023-01-07,add_to_cart
1051,293_CST_ID,2023-05-25,view_product
1052,293_CST_ID,2023-05-25,add_to_cart
1053,293_CST_ID,2023-05-25,checkout
1054,293_CST_ID,2023-05-25,purchase
1055,294_CST_ID,2023-03-10,view_product
1056,294_CST_ID,2023-03-10,add_to_cart
1057,294_CST_ID,2023-03-10,checkout
1058,294_CST_ID,2023-03-10,purchase
1059,295_CST_ID,2023-03-16,view_product
1060,295_CST_ID,2023-03-16,add_to_cart
1061,295_CST_ID,2023-03-16,checkout
1062,295_CST_ID,2023-03-16,purchase
1063,296_CST_ID,2023-02-05,view_product
1064,296_CST_ID,2023-02-05,add_to_cart
1065,296_CST_ID,2023-02-05,checkout
1066,296_CST_ID,2023-02-05,purchase
1067,297_CST_ID,2023-02-28,view_product
1068,297_CST_ID,2023-02-28,checkout
1069,297_CST_ID,2023-02-28,purchase
1070,298_CST_ID,2023-02-02,add_to_cart
1071,298_CST_ID,2023-02-02,checkout
1072,298_CST_ID,2023-02-02,purchase
1073,299_CST_ID,2023-02-11,view_product
1074,299_CST_ID,2023-02-11,add_to_cart
1075,299_CST_ID,2023-02-11,checkout
1076,299_CST_ID,2023-02-11,purchase
1077,300_CST_ID,2023-04-03,view_product
1078,300_CST_ID,2023-04-03,add_to_cart
1079,300_CST_ID,2023-04-03,checkout
1080,300_CST_ID,2023-04-03,purchase
1081,301_CST_ID,2023-03-25,view_product
1082,301_CST_ID,2023-03-25,checkout
1083,301_CST_ID,2023-03-25,purchase
1084,302_CST_ID,2023-06-10,view_product
1085,302_CST_ID,2023-06-10,add_to_cart
1086,302_CST_ID,2023-06-10,checkout
1087,302_CST_ID,2023-06-10,purchase
1088,303_CST_ID,2023-04-12,add_to_cart
1089,303_CST_ID,2023-04-12,checkout
1090,303_CST_ID,2023-04-12,purchase
1091,304_CST_ID,2023-06-18,view_product
1092,304_CST_ID,2023-06-18,add_to_cart
1093,304_CST_ID,2023-06-18,checkout
1094,304_CST_ID,2023-06-18,purchase
1095,305_CST_ID,2023-03-08,view_product
1096,305_CST_ID,2023-03-08,add_to_cart
1097,305_CST_ID,2023-03-08,checkout
1098,305_CST_ID,2023-03-08,purchase
1099,306_CST_ID,2023-03-17,view_product
1100,306_CST_ID,2023-03-17,add_to_cart
1101,306_CST_ID,2023-03-17,checkout
1102,307_CST_ID,2023-05-08,view_product
1103,307_CST_ID,2023-05-08,add_to_cart
1104,307_CST_ID,2023-05-08,checkout
1105,307_CST_ID,2023-05-08,purchase
1106,308_CST_ID,2023-05-31,view_product
1107,308_CST_ID,2023-05-31,add_to_cart
1108,308_CST_ID,2023-05-31,checkout
1109,308_CST_ID,2023-05-31,purchase
1110,309_CST_ID,2023-01-09,view_product
1111,309_CST_ID,2023-01-09,add_to_cart
1112,309_CST_ID,2023-01-09,checkout
1113,309_CST_ID,2023-01-09,purchase
1114,310_CST_ID,2023-01-11,view_product
1115,310_CST_ID,2023-01-11,add_to_cart
1116,310_CST_ID,2023-01-11,checkout
1117,310_CST_ID,2023-01-11,purchase
1118,311_CST_ID,2023-03-23,view_product
1119,311_CST_ID,2023-03-23,add_to_cart
1120,312_CST_ID,2023-06-11,view_product
1121,312_CST_ID,2023-06-11,add_to_cart
1122,312_CST_ID,2023-06-11,checkout
1123,312_CST_ID,2023-06-11,purchase
1124,313_CST_ID,2023-01-12,view_product
1125,313_CST_ID,2023-01-12,add_to_cart
1126,313_CST_ID,2023-01-12,purchase
1127,314_CST_ID,2023-05-19,view_product
1128,314_CST_ID,2023-05-19,add_to_cart
1129,314_CST_ID,2023-05-19,purchase
1130,315_CST_ID,2023-05-31,view_product
1131,315_CST_ID,2023-05-31,add_to_cart
1132,315_CST_ID,2023-05-31,checkout
1133,315_CST_ID,2023-05-31,purchase
1134,316_CST_ID,2023-04-12,view_product
1135,316_CST_ID,2023-04-12,add_to_cart
1136,316_CST_ID,2023-04-12,checkout
1137,316_CST_ID,2023-04-12,purchase
1138,317_CST_ID,2023-06-30,view_product
1139,317_CST_ID,2023-06-30,add_to_cart
1140,317_CST_ID,2023-06-30,checkout
1141,317_CST_ID,2023-06-30,purchase
1142,318_CST_ID,2023-01-03,view_product
1143,318_CST_ID,2023-01-03,add_to_cart
1144,318_CST_ID,2023-01-03,checkout
1145,318_CST_ID,2023-01-03,purchase
1146,319_CST_ID,2023-05-18,view_product
1147,319_CST_ID,2023-05-18,add_to_cart
1148,319_CST_ID,2023-05-18,checkout
1149,319_CST_ID,2023-05-18,purchase
1150,320_CST_ID,2023-06-27,view_product
1151,320_CST_ID,2023-06-27,add_to_cart
1152,320_CST_ID,2023-06-27,checkout
1153,320_CST_ID,2023-06-27,purchase
1154,321_CST_ID,2023-05-25,add_to_cart
1155,321_CST_ID,2023-05-25,checkout
1156,321_CST_ID,2023-05-25,purchase
1157,322_CST_ID,2023-05-26,view_product
1158,322_CST_ID,2023-05-26,add_to_cart
1159,322_CST_ID,2023-05-26,checkout
1160,322_CST_ID,2023-05-26,purchase
1161,323_CST_ID,2023-05-12,view_product
1162,323_CST_ID,2023-05-12,add_to_cart
1163,323_CST_ID,2023-05-12,purchase
1164,324_CST_ID,2023-01-29,view_product
1165,324_CST_ID,2023-01-29,add_to_cart
1166,324_CST_ID,2023-01-29,checkout
1167,324_CST_ID,2023-01-29,purchase
1168,325_CST_ID,2023-05-27,add_to_cart
1169,325_CST_ID,2023-05-27,checkout
1170,326_CST_ID,2023-06-05,view_product
1171,326_CST_ID,2023-06-05,add_to_cart
1172,326_CST_ID,2023-06-05,checkout
1173,326_CST_ID,2023-06-05,purchase
1174,327_CST_ID,2023-05-16,view_product
1175,327_CST_ID,2023-05-16,add_to_cart
1176,327_CST_ID,2023-05-16,checkout
1177,327_CST_ID,2023-05-16,purchase
1178,328_CST_ID,2023-06-30,view_product
1179,328_CST_ID,2023-06-30,add_to_cart
1180,328_CST_ID,2023-06-30,checkout
1181,328_CST_ID,2023-06-30,purchase
1182,329_CST_ID,2023-06-15,view_product
1183,329_CST_ID,2023-06-15,add_to_cart
1184,329_CST_ID,2023-06-15,checkout
1185,329_CST_ID,2023-06-15,purchase
1186,330_CST_ID,2023-01-21,view_product
1187,330_CST_ID,2023-01-21,add_to_cart
1188,330_CST_ID,2023-01-21,checkout
1189,330_CST_ID,2023-01-21,purchase
1190,331_CST_ID,2023-05-22,view_product
1191,331_CST_ID,2023-05-22,checkout
1192,331_CST_ID,2023-05-22,purchase
1193,332_CST_ID,2023-03-29,view_product
1194,332_CST_ID,2023-03-29,add_to_cart
1195,332_CST_ID,2023-03-29,checkout
1196,332_CST_ID,2023-03-29,purchase
1197,333_CST_ID,2023-01-06,view_product
1198,333_CST_ID,2023-01-06,add_to_cart
1199,333_CST_ID,2023-01-06,checkout
1200,333_CST_ID,2023-01-06,purchase
1201,334_CST_ID,2023-05-13,view_product
1202,334_CST_ID,2023-05-13,add_to_cart
1203,334_CST_ID,2023-05-13,checkout
1204,335_CST_ID,2023-05-02,view_product
1205,335_CST_ID,2023-05-02,add_to_cart
1206,335_CST_ID,2023-05-02,checkout
1207,335_CST_ID,2023-05-02,purchase
1208,336_CST_ID,2023-01-07,view_product
1209,336_CST_ID,2023-01-07,checkout
1210,336_CST_ID,2023-01-07,purchase
1211,337_CST_ID,2023-06-08,view_product
1212,337_CST_ID,2023-06-08,add_to_cart
1213,337_CST_ID,2023-06-08,checkout
1214,337_CST_ID,2023-06-08,purchase
1215,338_CST_ID,2023-04-16,view_product
1216,338_CST_ID,2023-04-16,add_to_cart
1217,338_CST_ID,2023-04-16,checkout
1218,338_CST_ID,2023-04-16,purchase
1219,339_CST_ID,2023-03-24,view_product
1220,339_CST_ID,2023-03-24,add_to_cart
1221,339_CST_ID,2023-03-24,checkout
1222,339_CST_ID,2023-03-24,purchase
1223,340_CST_ID,2023-05-15,add_to_cart
1224,340_CST_ID,2023-05-15,purchase
1225,341_CST_ID,2023-01-26,view_product
1226,341_CST_ID,2023-01-26,add_to_cart
1227,341_CST_ID,2023-01-26,checkout
1228,341_CST_ID,2023-01-26,purchase
1229,342_CST_ID,2023-02-14,view_product
1230,342_CST_ID,2023-02-14,add_to_cart
1231,342_CST_ID,2023-02-14,checkout
1232,342_CST_ID,2023-02-14,purchase
1233,343_CST_ID,2023-06-20,view_product
1234,343_CST_ID,2023-06-20,add_to_cart
1235,343_CST_ID,2023-06-20,purchase
1236,344_CST_ID,2023-04-02,view_product
1237,344_CST_ID,2023-04-02,add_to_cart
1238,344_CST_ID,2023-04-02,checkout
1239,345_CST_ID,2023-05-30,view_product
1240,345_CST_ID,2023-05-30,add_to_cart
1241,345_CST_ID,2023-05-30,checkout
1242,345_CST_ID,2023-05-30,purchase
1243,346_CST_ID,2023-03-06,add_to_cart
1244,346_CST_ID,2023-03-06,checkout
1245,346_CST_ID,2023-03-06,purchase
1246,347_CST_ID,2023-03-11,view_product
1247,347_CST_ID,2023-03-11,add_to_cart
1248,347_CST_ID,2023-03-11,checkout
1249,347_CST_ID,2023-03-11,purchase
1250,348_CST_ID,2023-01-27,view_product
1251,348_CST_ID,2023-01-27,checkout
1252,348_CST_ID,2023-01-27,purchase
1253,349_CST_ID,2023-03-30,view_product
1254,349_CST_ID,2023-03-30,checkout
1255,349_CST_ID,2023-03-30,purchase
1256,350_CST_ID,2023-05-14,view_product
1257,350_CST_ID,2023-05-14,add_to_cart
1258,350_CST_ID,2023-05-14,checkout
1259,350_CST_ID,2023-05-14,purchase
1260,351_CST_ID,2023-01-01,view_product
1261,351_CST_ID,2023-01-01,add_to_cart
1262,351_CST_ID,2023-01-01,purchase
1263,352_CST_ID,2023-02-09,view_product
1264,352_CST_ID,2023-02-09,add_to_cart
1265,352_CST_ID,2023-02-09,checkout
1266,352_CST_ID,2023-02-09,purchase
1267,353_CST_ID,2023-05-07,view_product
1268,353_CST_ID,2023-05-07,add_to_cart
1269,353_CST_ID,2023-05-07,checkout
1270,353_CST_ID,2023-05-07,purchase
1271,354_CST_ID,2023-06-20,view_product
1272,354_CST_ID,2023-06-20,add_to_cart
1273,354_CST_ID,2023-06-20,purchase
1274,355_CST_ID,2023-02-03,view_product
1275,355_CST_ID,2023-02-03,add_to_cart
1276,355_CST_ID,2023-02-03,checkout
1277,355_CST_ID,2023-02-03,purchase
1278,356_CST_ID,2023-02-26,view_product
1279,356_CST_ID,2023-02-26,add_to_cart
1280,356_CST_ID,2023-02-26,checkout
1281,356_CST_ID,2023-02-26,purchase
1282,357_CST_ID,2023-05-08,view_product
1283,357_CST_ID,2023-05-08,add_to_cart
1284,357_CST_ID,2023-05-08,checkout
1285,357_CST_ID,2023-05-08,purchase
1286,358_CST_ID,2023-02-04,view_product
1287,358_CST_ID,2023-02-04,add_to_cart
1288,358_CST_ID,2023-02-04,checkout
1289,358_CST_ID,2023-02-04,purchase
1290,359_CST_ID,2023-04-30,view_product
1291,359_CST_ID,2023-04-30,checkout
1292,359_CST_ID,2023-04-30,purchase
1293,360_CST_ID,2023-04-09,view_product
1294,360_CST_ID,2023-04-09,add_to_cart
1295,360_CST_ID,2023-04-09,checkout
1296,361_CST_ID,2023-06-18,view_product
1297,361_CST_ID,2023-06-18,add_to_cart
1298,361_CST_ID,2023-06-18,checkout
1299,362_CST_ID,2023-01-21,view_product
1300,362_CST_ID,2023-01-21,add_to_cart
1301,362_CST_ID,2023-01-21,checkout
1302,362_CST_ID,2023-01-21,purchase
1303,363_CST_ID,2023-03-15,view_product
1304,363_CST_ID,2023-03-15,add_to_cart
1305,363_CST_ID,2023-03-15,checkout
1306,363_CST_ID,2023-03-15,purchase
1307,364_CST_ID,2023-06-15,view_product
1308,364_CST_ID,2023-06-15,checkout
1309,364_CST_ID,2023-06-15,purchase
1310,365_CST_ID,2023-05-19,view_product
1311,365_CST_ID,2023-05-19,add_to_cart
1312,365_CST_ID,2023-05-19,checkout
1313,365_CST_ID,2023-05-19,purchase
1314,366_CST_ID,2023-06-01,view_product
1315,366_CST_ID,2023-06-01,add_to_cart
1316,366_CST_ID,2023-06-01,checkout
1317,366_CST_ID,2023-06-01,purchase
1318,367_CST_ID,2023-06-30,view_product
1319,367_CST_ID,2023-06-30,add_to_cart
1320,367_CST_ID,2023-06-30,checkout
1321,367_CST_ID,2023-06-30,purchase
1322,368_CST_ID,2023-01-13,view_product
1323,368_CST_ID,2023-01-13,add_to_cart
1324,368_CST_ID,2023-01-13,purchase
1325,369_CST_ID,2023-04-05,view_product
1326,369_CST_ID,2023-04-05,add_to_cart
1327,369_CST_ID,2023-04-05,checkout
1328,369_CST_ID,2023-04-05,purchase
1329,370_CST_ID,2023-03-21,view_product
1330,370_CST_ID,2023-03-21,checkout
1331,371_CST_ID,2023-04-11,view_product
1332,371_CST_ID,2023-04-11,add_to_cart
1333,371_CST_ID,2023-04-11,checkout
1334,371_CST_ID,2023-04-11,purchase
1335,372_CST_ID,2023-01-08,view_product
1336,372_CST_ID,2023-01-08,add_to_cart
1337,372_CST_ID,2023-01-08,checkout
1338,372_CST_ID,2023-01-08,purchase
1339,373_CST_ID,2023-01-19,view_product
1340,373_CST_ID,2023-01-19,add_to_cart
1341,373_CST_ID,2023-01-19,checkout
1342,373_CST_ID,2023-01-19,purchase
1343,374_CST_ID,2023-05-30,view_product
1344,374_CST_ID,2023-05-30,add_to_cart
1345,374_CST_ID,2023-05-30,checkout
1346,374_CST_ID,2023-05-30,purchase
1347,375_CST_ID,2023-04-17,view_product
1348,375_CST_ID,2023-04-17,add_to_cart
1349,375_CST_ID,2023-04-17,checkout
1350,375_CST_ID,2023-04-17,purchase
1351,376_CST_ID,2023-05-02,view_product
1352,376_CST_ID,2023-05-02,add_to_cart
1353,376_CST_ID,2023-05-02,checkout
1354,376_CST_ID,2023-05-02,purchase
1355,377_CST_ID,2023-01-29,view_product
1356,377_CST_ID,2023-01-29,checkout
1357,377_CST_ID,2023-01-29,purchase
1358,378_CST_ID,2023-05-04,view_product
1359,378_CST_ID,2023-05-04,add_to_cart
1360,378_CST_ID,2023-05-04,purchase
1361,379_CST_ID,2023-04-10,add_to_cart
1362,379_CST_ID,2023-04-10,purchase
1363,380_CST_ID,2023-03-16,view_product
1364,380_CST_ID,2023-03-16,add_to_cart
1365,380_CST_ID,2023-03-16,purchase
1366,381_CST_ID,2023-04-08,view_product
1367,381_CST_ID,2023-04-08,add_to_cart
1368,381_CST_ID,2023-04-08,checkout
1369,381_CST_ID,2023-04-08,purchase
1370,382_CST_ID,2023-05-31,view_product
1371,382_CST_ID,2023-05-31,add_to_cart
1372,382_CST_ID,2023-05-31,checkout
1373,382_CST_ID,2023-05-31,purchase
1374,383_CST_ID,2023-03-15,view_product
1375,383_CST_ID,2023-03-15,add_to_cart
1376,383_CST_ID,2023-03-15,checkout
1377,383_CST_ID,2023-03-15,purchase
1378,384_CST_ID,2023-05-03,add_to_cart
1379,384_CST_ID,2023-05-03,checkout
1380,384_CST_ID,2023-05-03,purchase
1381,385_CST_ID,2023-05-25,view_product
1382,385_CST_ID,2023-05-25,add_to_cart
1383,385_CST_ID,2023-05-25,checkout
1384,385_CST_ID,2023-05-25,purchase
1385,386_CST_ID,2023-02-25,view_product
1386,386_CST_ID,2023-02-25,purchase
1387,387_CST_ID,2023-03-18,view_product
1388,387_CST_ID,2023-03-18,add_to_cart
1389,387_CST_ID,2023-03-18,checkout
1390,387_CST_ID,2023-03-18,purchase
1391,388_CST_ID,2023-05-07,view_product
1392,388_CST_ID,2023-05-07,checkout
1393,388_CST_ID,2023-05-07,purchase
1394,389_CST_ID,2023-04-18,view_product
1395,389_CST_ID,2023-04-18,checkout
1396,389_CST_ID,2023-04-18,purchase
1397,390_CST_ID,2023-05-16,add_to_cart
1398,390_CST_ID,2023-05-16,checkout
1399,390_CST_ID,2023-05-16,purchase
1400,391_CST_ID,2023-03-26,view_product
1401,391_CST_ID,2023-03-26,checkout
1402,391_CST_ID,2023-03-26,purchase
1403,392_CST_ID,2023-03-27,view_product
1404,392_CST_ID,2023-03-27,add_to_cart
1405,392_CST_ID,2023-03-27,purchase
1406,393_CST_ID,2023-02-16,view_product
1407,393_CST_ID,2023-02-16,add_to_cart
1408,393_CST_ID,2023-02-16,checkout
1409,393_CST_ID,2023-02-16,purchase
1410,394_CST_ID,2023-04-11,view_product
1411,394_CST_ID,2023-04-11,add_to_cart
1412,394_CST_ID,2023-04-11,checkout
1413,395_CST_ID,2023-01-05,view_product
1414,395_CST_ID,2023-01-05,add_to_cart
1415,395_CST_ID,2023-01-05,checkout
1416,395_CST_ID,2023-01-05,purchase
1417,396_CST_ID,2023-04-30,view_product
1418,396_CST_ID,2023-04-30,add_to_cart
1419,396_CST_ID,2023-04-30,checkout
1420,396_CST_ID,2023-04-30,purchase
1421,397_CST_ID,2023-01-24,view_product
1422,397_CST_ID,2023-01-24,add_to_cart
1423,397_CST_ID,2023-01-24,checkout
1424,397_CST_ID,2023-01-24,purchase
1425,398_CST_ID,2023-04-06,view_product
1426,398_CST_ID,2023-04-06,add_to_cart
1427,398_CST_ID,2023-04-06,purchase
1428,399_CST_ID,2023-05-11,view_product
1429,399_CST_ID,2023-05-11,add_to_cart
1430,399_CST_ID,2023-05-11,checkout
1431,399_CST_ID,2023-05-11,purchase
1432,400_CST_ID,2023-05-16,view_product
1433,400_CST_ID,2023-05-16,add_to_cart
1434,400_CST_ID,2023-05-16,checkout
1435,400_CST_ID,2023-05-16,purchase
1436,401_CST_ID,2023-02-19,view_product
1437,401_CST_ID,2023-02-19,add_to_cart
1438,401_CST_ID,2023-02-19,checkout
1439,401_CST_ID,2023-02-19,purchase
1440,402_CST_ID,2023-02-17,view_product
1441,402_CST_ID,2023-02-17,add_to_cart
1442,402_CST_ID,2023-02-17,checkout
1443,402_CST_ID,2023-02-17,purchase
1444,403_CST_ID,2023-01-20,view_product
1445,403_CST_ID,2023-01-20,add_to_cart
1446,403_CST_ID,2023-01-20,purchase
1447,404_CST_ID,2023-06-06,purchase
1448,405_CST_ID,2023-06-15,view_product
1449,405_CST_ID,2023-06-15,add_to_cart
1450,405_CST_ID,2023-06-15,checkout
1451,405_CST_ID,2023-06-15,purchase
1452,406_CST_ID,2023-03-02,view_product
1453,406_CST_ID,2023-03-02,checkout
1454,406_CST_ID,2023-03-02,purchase
1455,407_CST_ID,2023-05-02,add_to_cart
1456,407_CST_ID,2023-05-02,checkout
1457,407_CST_ID,2023-05-02,purchase
1458,408_CST_ID,2023-04-06,view_product
1459,408_CST_ID,2023-04-06,add_to_cart
1460,408_CST_ID,2023-04-06,checkout
1461,408_CST_ID,2023-04-06,purchase
1462,409_CST_ID,2023-05-28,view_product
1463,409_CST_ID,2023-05-28,add_to_cart
1464,409_CST_ID,2023-05-28,checkout
1465,409_CST_ID,2023-05-28,purchase
1466,410_CST_ID,2023-01-11,view_product
1467,410_CST_ID,2023-01-11,add_to_cart
1468,410_CST_ID,2023-01-11,checkout
1469,411_CST_ID,2023-05-24,view_product
1470,411_CST_ID,2023-05-24,add_to_cart
1471,411_CST_ID,2023-05-24,checkout
1472,411_CST_ID,2023-05-24,purchase
1473,412_CST_ID,2023-05-02,view_product
1474,412_CST_ID,2023-05-02,checkout
1475,412_CST_ID,2023-05-02,purchase
1476,413_CST_ID,2023-02-17,view_product
1477,413_CST_ID,2023-02-17,add_to_cart
1478,413_CST_ID,2023-02-17,checkout
1479,413_CST_ID,2023-02-17,purchase
1480,414_CST_ID,2023-02-26,view_product
1481,414_CST_ID,2023-02-26,add_to_cart
1482,414_CST_ID,2023-02-26,checkout
1483,414_CST_ID,2023-02-26,purchase
1484,415_CST_ID,2023-03-14,view_product
1485,415_CST_ID,2023-03-14,add_to_cart
1486,415_CST_ID,2023-03-14,checkout
1487,415_CST_ID,2023-03-14,purchase
1488,416_CST_ID,2023-02-07,view_product
1489,416_CST_ID,2023-02-07,add_to_cart
1490,416_CST_ID,2023-02-07,checkout
1491,416_CST_ID,2023-02-07,purchase
1492,417_CST_ID,2023-04-21,view_product
1493,417_CST_ID,2023-04-21,add_to_cart
1494,417_CST_ID,2023-04-21,checkout
1495,417_CST_ID,2023-04-21,purchase
1496,418_CST_ID,2023-03-15,view_product
1497,418_CST_ID,2023-03-15,add_to_cart
1498,418_CST_ID,2023-03-15,checkout
1499,418_CST_ID,2023-03-15,purchase
1500,419_CST_ID,2023-03-06,view_product
1501,419_CST_ID,2023-03-06,add_to_cart
1502,419_CST_ID,2023-03-06,checkout
1503,420_CST_ID,2023-01-07,view_product
1504,420_CST_ID,2023-01-07,add_to_cart
1505,420_CST_ID,2023-01-07,checkout
1506,420_CST_ID,2023-01-07,purchase
1507,421_CST_ID,2023-06-27,add_to_cart
1508,421_CST_ID,2023-06-27,checkout
1509,421_CST_ID,2023-06-27,purchase
1510,422_CST_ID,2023-05-08,view_product
1511,422_CST_ID,2023-05-08,add_to_cart
1512,422_CST_ID,2023-05-08,checkout
1513,422_CST_ID,2023-05-08,purchase
1514,423_CST_ID,2023-01-16,view_product
1515,423_CST_ID,2023-01-16,add_to_cart
1516,423_CST_ID,2023-01-16,checkout
1517,423_CST_ID,2023-01-16,purchase
1518,424_CST_ID,2023-02-15,view_product
1519,424_CST_ID,2023-02-15,add_to_cart
1520,424_CST_ID,2023-02-15,checkout
1521,424_CST_ID,2023-02-15,purchase
1522,425_CST_ID,2023-03-21,view_product
1523,425_CST_ID,2023-03-21,add_to_cart
1524,425_CST_ID,2023-03-21,checkout
1525,425_CST_ID,2023-03-21,purchase
1526,426_CST_ID,2023-02-24,add_to_cart
1527,426_CST_ID,2023-02-24,checkout
1528,426_CST_ID,2023-02-24,purchase
1529,427_CST_ID,2023-02-15,view_product
1530,427_CST_ID,2023-02-15,add_to_cart
1531,427_CST_ID,2023-02-15,purchase
1532,428_CST_ID,2023-02-21,view_product
1533,428_CST_ID,2023-02-21,add_to_cart
1534,428_CST_ID,2023-02-21,checkout
1535,428_CST_ID,2023-02-21,purchase
1536,429_CST_ID,2023-06-24,view_product
1537,429_CST_ID,2023-06-24,add_to_cart
1538,429_CST_ID,2023-06-24,checkout
1539,429_CST_ID,2023-06-24,purchase
1540,430_CST_ID,2023-01-05,view_product
1541,430_CST_ID,2023-01-05,add_to_cart
1542,430_CST_ID,2023-01-05,checkout
1543,430_CST_ID,2023-01-05,purchase
1544,431_CST_ID,2023-05-07,view_product
1545,431_CST_ID,2023-05-07,add_to_cart
1546,431_CST_ID,2023-05-07,checkout
1547,431_CST_ID,2023-05-07,purchase
1548,432_CST_ID,2023-02-27,view_product
1549,432_CST_ID,2023-02-27,add_to_cart
1550,432_CST_ID,2023-02-27,checkout
1551,432_CST_ID,2023-02-27,purchase
1552,433_CST_ID,2023-01-14,view_product
1553,433_CST_ID,2023-01-14,add_to_cart
1554,433_CST_ID,2023-01-14,checkout
1555,433_CST_ID,2023-01-14,purchase
1556,434_CST_ID,2023-04-18,view_product
1557,434_CST_ID,2023-04-18,checkout
1558,434_CST_ID,2023-04-18,purchase
1559,435_CST_ID,2023-03-07,view_product
1560,435_CST_ID,2023-03-07,add_to_cart
1561,435_CST_ID,2023-03-07,checkout
1562,435_CST_ID,2023-03-07,purchase
1563,436_CST_ID,2023-02-14,view_product
1564,436_CST_ID,2023-02-14,add_to_cart
1565,436_CST_ID,2023-02-14,checkout
1566,436_CST_ID,2023-02-14,purchase
1567,437_CST_ID,2023-04-17,view_product
1568,437_CST_ID,2023-04-17,checkout
1569,437_CST_ID,2023-04-17,purchase
1570,438_CST_ID,2023-02-24,view_product
1571,438_CST_ID,2023-02-24,add_to_cart
1572,438_CST_ID,2023-02-24,checkout
1573,438_CST_ID,2023-02-24,purchase
1574,439_CST_ID,2023-03-25,add_to_cart
1575,439_CST_ID,2023-03-25,checkout
1576,439_CST_ID,2023-03-25,purchase
1577,440_CST_ID,2023-04-20,view_product
1578,440_CST_ID,2023-04-20,add_to_cart
1579,440_CST_ID,2023-04-20,checkout
1580,441_CST_ID,2023-01-05,view_product
1581,441_CST_ID,2023-01-05,add_to_cart
1582,441_CST_ID,2023-01-05,checkout
1583,442_CST_ID,2023-02-10,view_product
1584,442_CST_ID,2023-02-10,add_to_cart
1585,442_CST_ID,2023-02-10,checkout
1586,442_CST_ID,2023-02-10,purchase
1587,443_CST_ID,2023-02-08,view_product
1588,443_CST_ID,2023-02-08,add_to_cart
1589,443_CST_ID,2023-02-08,checkout
1590,443_CST_ID,2023-02-08,purchase
1591,444_CST_ID,2023-01-29,view_product
1592,444_CST_ID,2023-01-29,add_to_cart
1593,444_CST_ID,2023-01-29,checkout
1594,445_CST_ID,2023-01-25,view_product
1595,445_CST_ID,2023-01-25,add_to_cart
1596,445_CST_ID,2023-01-25,checkout
1597,445_CST_ID,2023-01-25,purchase
1598,446_CST_ID,2023-04-27,view_product
1599,446_CST_ID,2023-04-27,add_to_cart
1600,446_CST_ID,2023-04-27,checkout
1601,447_CST_ID,2023-01-21,view_product
1602,447_CST_ID,2023-01-21,add_to_cart
1603,447_CST_ID,2023-01-21,checkout
1604,447_CST_ID,2023-01-21,purchase
1605,448_CST_ID,2023-04-24,view_product
1606,448_CST_ID,2023-04-24,checkout
1607,448_CST_ID,2023-04-24,purchase
1608,449_CST_ID,2023-02-04,view_product
1609,449_CST_ID,2023-02-04,add_to_cart
1610,449_CST_ID,2023-02-04,checkout
1611,449_CST_ID,2023-02-04,purchase
1612,450_CST_ID,2023-02-07,view_product
1613,450_CST_ID,2023-02-07,add_to_cart
1614,450_CST_ID,2023-02-07,purchase
1615,451_CST_ID,2023-05-04,view_product
1616,451_CST_ID,2023-05-04,add_to_cart
1617,451_CST_ID,2023-05-04,checkout
1618,451_CST_ID,2023-05-04,purchase
1619,452_CST_ID,2023-02-14,view_product
1620,452_CST_ID,2023-02-14,add_to_cart
1621,452_CST_ID,2023-02-14,purchase
1622,453_CST_ID,2023-05-15,view_product
1623,453_CST_ID,2023-05-15,add_to_cart
1624,453_CST_ID,2023-05-15,checkout
1625,454_CST_ID,2023-05-09,add_to_cart
1626,454_CST_ID,2023-05-09,checkout
1627,454_CST_ID,2023-05-09,purchase
1628,455_CST_ID,2023-04-30,view_product
1629,455_CST_ID,2023-04-30,add_to_cart
1630,455_CST_ID,2023-04-30,purchase
1631,456_CST_ID,2023-02-06,view_product
1632,456_CST_ID,2023-02-06,add_to_cart
1633,456_CST_ID,2023-02-06,checkout
1634,456_CST_ID,2023-02-06,purchase
1635,457_CST_ID,2023-04-04,view_product
1636,457_CST_ID,2023-04-04,add_to_cart
1637,457_CST_ID,2023-04-04,checkout
1638,457_CST_ID,2023-04-04,purchase
1639,458_CST_ID,2023-02-01,add_to_cart
1640,458_CST_ID,2023-02-01,checkout
1641,458_CST_ID,2023-02-01,purchase
1642,459_CST_ID,2023-05-08,add_to_cart
1643,459_CST_ID,2023-05-08,checkout
1644,459_CST_ID,2023-05-08,purchase
1645,460_CST_ID,2023-05-18,view_product
1646,460_CST_ID,2023-05-18,add_to_cart
1647,460_CST_ID,2023-05-18,checkout
1648,460_CST_ID,2023-05-18,purchase
1649,461_CST_ID,2023-05-05,view_product
1650,461_CST_ID,2023-05-05,add_to_cart
1651,461_CST_ID,2023-05-05,checkout
1652,461_CST_ID,2023-05-05,purchase
1653,462_CST_ID,2023-04-18,view_product
1654,462_CST_ID,2023-04-18,add_to_cart
1655,462_CST_ID,2023-04-18,purchase
1656,463_CST_ID,2023-05-16,add_to_cart
1657,463_CST_ID,2023-05-16,checkout
1658,463_CST_ID,2023-05-16,purchase
1659,464_CST_ID,2023-03-05,view_product
1660,464_CST_ID,2023-03-05,add_to_cart
1661,464_CST_ID,2023-03-05,checkout
1662,464_CST_ID,2023-03-05,purchase
1663,465_CST_ID,2023-06-12,view_product
1664,465_CST_ID,2023-06-12,add_to_cart
1665,465_CST_ID,2023-06-12,purchase
1666,466_CST_ID,2023-02-25,view_product
1667,466_CST_ID,2023-02-25,add_to_cart
1668,466_CST_ID,2023-02-25,checkout
1669,466_CST_ID,2023-02-25,purchase
1670,467_CST_ID,2023-05-21,add_to_cart
1671,467_CST_ID,2023-05-21,checkout
1672,467_CST_ID,2023-05-21,purchase
1673,468_CST_ID,2023-04-18,view_product
1674,468_CST_ID,2023-04-18,add_to_cart
1675,468_CST_ID,2023-04-18,checkout
1676,468_CST_ID,2023-04-18,purchase
1677,469_CST_ID,2023-03-28,view_product
1678,469_CST_ID,2023-03-28,add_to_cart
1679,469_CST_ID,2023-03-28,checkout
1680,469_CST_ID,2023-03-28,purchase
1681,470_CST_ID,2023-06-10,view_product
1682,470_CST_ID,2023-06-10,add_to_cart
1683,470_CST_ID,2023-06-10,checkout
1684,471_CST_ID,2023-06-06,add_to_cart
1685,471_CST_ID,2023-06-06,checkout
1686,471_CST_ID,2023-06-06,purchase
1687,472_CST_ID,2023-02-05,view_product
1688,472_CST_ID,2023-02-05,add_to_cart
1689,472_CST_ID,2023-02-05,checkout
1690,473_CST_ID,2023-02-26,view_product
1691,473_CST_ID,2023-02-26,add_to_cart
1692,473_CST_ID,2023-02-26,checkout
1693,473_CST_ID,2023-02-26,purchase
1694,474_CST_ID,2023-05-08,view_product
1695,474_CST_ID,2023-05-08,add_to_cart
1696,474_CST_ID,2023-05-08,checkout
1697,474_CST_ID,2023-05-08,purchase
1698,475_CST_ID,2023-01-03,view_product
1699,475_CST_ID,2023-01-03,add_to_cart
1700,476_CST_ID,2023-03-16,view_product
1701,476_CST_ID,2023-03-16,add_to_cart
1702,476_CST_ID,2023-03-16,checkout
1703,476_CST_ID,2023-03-16,purchase
1704,477_CST_ID,2023-05-25,view_product
1705,477_CST_ID,2023-05-25,add_to_cart
1706,477_CST_ID,2023-05-25,checkout
1707,478_CST_ID,2023-06-19,view_product
1708,478_CST_ID,2023-06-19,add_to_cart
1709,478_CST_ID,2023-06-19,checkout
1710,478_CST_ID,2023-06-19,purchase
1711,479_CST_ID,2023-01-16,view_product
1712,479_CST_ID,2023-01-16,add_to_cart
1713,479_CST_ID,2023-01-16,checkout
1714,479_CST_ID,2023-01-16,purchase
1715,480_CST_ID,2023-04-23,add_to_cart
1716,480_CST_ID,2023-04-23,checkout
1717,480_CST_ID,2023-04-23,purchase
1718,481_CST_ID,2023-06-16,view_product
1719,481_CST_ID,2023-06-16,add_to_cart
1720,481_CST_ID,2023-06-16,checkout
1721,481_CST_ID,2023-06-16,purchase
1722,482_CST_ID,2023-04-04,view_product
1723,482_CST_ID,2023-04-04,add_to_cart
1724,482_CST_ID,2023-04-04,checkout
1725,482_CST_ID,2023-04-04,purchase
1726,483_CST_ID,2023-04-21,view_product
1727,483_CST_ID,2023-04-21,add_to_cart
1728,483_CST_ID,2023-04-21,checkout
1729,483_CST_ID,2023-04-21,purchase
1730,484_CST_ID,2023-05-01,view_product
1731,484_CST_ID,2023-05-01,add_to_cart
1732,484_CST_ID,2023-05-01,checkout
1733,484_CST_ID,2023-05-01,purchase
1734,485_CST_ID,2023-05-24,view_product
1735,485_CST_ID,2023-05-24,add_to_cart
1736,485_CST_ID,2023-05-24,checkout
1737,485_CST_ID,2023-05-24,purchase
1738,486_CST_ID,2023-06-29,view_product
1739,486_CST_ID,2023-06-29,checkout
1740,486_CST_ID,2023-06-29,purchase
1741,487_CST_ID,2023-06-17,view_product
1742,487_CST_ID,2023-06-17,add_to_cart
1743,487_CST_ID,2023-06-17,checkout
1744,487_CST_ID,2023-06-17,purchase
1745,488_CST_ID,2023-06-21,view_product
1746,488_CST_ID,2023-06-21,add_to_cart
1747,488_CST_ID,2023-06-21,checkout
1748,488_CST_ID,2023-06-21,purchase
1749,489_CST_ID,2023-05-22,view_product
1750,489_CST_ID,2023-05-22,add_to_cart
1751,489_CST_ID,2023-05-22,checkout
1752,489_CST_ID,2023-05-22,purchase
1753,490_CST_ID,2023-05-21,view_product
1754,490_CST_ID,2023-05-21,add_to_cart
1755,490_CST_ID,2023-05-21,checkout
1756,490_CST_ID,2023-05-21,purchase
1757,491_CST_ID,2023-03-08,view_product
1758,491_CST_ID,2023-03-08,add_to_cart
1759,491_CST_ID,2023-03-08,checkout
1760,492_CST_ID,2023-05-28,view_product
1761,492_CST_ID,2023-05-28,purchase
1762,493_CST_ID,2023-06-13,view_product
1763,493_CST_ID,2023-06-13,add_to_cart
1764,493_CST_ID,2023-06-13,checkout
1765,493_CST_ID,2023-06-13,purchase
1766,494_CST_ID,2023-04-09,view_product
1767,494_CST_ID,2023-04-09,add_to_cart
1768,494_CST_ID,2023-04-09,checkout
1769,494_CST_ID,2023-04-09,purchase
1770,495_CST_ID,2023-01-01,view_product
1771,495_CST_ID,2023-01-01,add_to_cart
1772,495_CST_ID,2023-01-01,checkout
1773,495_CST_ID,2023-01-01,purchase
1774,496_CST_ID,2023-02-24,view_product
1775,496_CST_ID,2023-02-24,add_to_cart
1776,496_CST_ID,2023-02-24,checkout
1777,496_CST_ID,2023-02-24,purchase
1778,497_CST_ID,2023-03-01,add_to_cart
1779,497_CST_ID,2023-03-01,checkout
1780,497_CST_ID,2023-03-01,purchase
1781,498_CST_ID,2023-06-01,view_product
1782,498_CST_ID,2023-06-01,add_to_cart
1783,498_CST_ID,2023-06-01,checkout
1784,498_CST_ID,2023-06-01,purchase
1785,499_CST_ID,2023-05-19,view_product
1786,499_CST_ID,2023-05-19,add_to_cart
1787,499_CST_ID,2023-05-19,checkout
1788,499_CST_ID,2023-05-19,purchase
1789,500_CST_ID,2023-06-25,view_product
1790,500_CST_ID,2023-06-25,checkout
1791,500_CST_ID,2023-06-25,purchase
