order_id,customer_id,order_date,product,price,is_subscription
1,1_CST_ID,2023-06-22,Diabetes Care,313,0
2,2_CST_ID,2023-05-07,Apple Cider Vinegar,660,1
3,3_CST_ID,2023-03-17,Diabetes Care,983,0
4,3_CST_ID,2023-04-18,Ashwagandha,1158,0
5,4_CST_ID,2023-03-28,Apple Cider Vinegar,582,0
6,4_CST_ID,2023-04-17,Apple Cider Vinegar,812,0
7,5_CST_ID,2023-06-02,Apple Cider Vinegar,1190,0
8,5_CST_ID,2023-06-27,Diabetes Care,530,0
9,5_CST_ID,2023-07-14,Skin Foods,648,0
10,6_CST_ID,2023-05-11,Ashwagandha,806,0
11,7_CST_ID,2023-05-28,Diabetes Care,484,0
12,7_CST_ID,2023-07-06,Ashwagandha,442,1
13,8_CST_ID,2023-06-21,Ashwagandha,414,0
14,8_CST_ID,2023-07-23,Diabetes Care,1097,0
15,8_CST_ID,2023-08-20,Diabetes Care,939,0
16,9_CST_ID,2023-03-02,Skin Foods,697,0
17,9_CST_ID,2023-03-28,Skin Foods,626,0
18,10_CST_ID,2023-04-11,Gut Cleanse,766,0
19,10_CST_ID,2023-05-20,Diabetes Care,1070,0
20,11_CST_ID,2023-06-26,Apple Cider Vinegar,840,0
21,12_CST_ID,2023-03-11,Diabetes Care,656,0
22,13_CST_ID,2023-01-16,Apple Cider Vinegar,857,0
23,14_CST_ID,2023-04-22,Diabetes Care,559,0
24,14_CST_ID,2023-05-29,Apple Cider Vinegar,765,1
25,15_CST_ID,2023-04-01,Gut Cleanse,776,1
26,15_CST_ID,2023-04-22,Skin Foods,472,0
27,16_CST_ID,2023-05-21,Gut Cleanse,664,0
28,17_CST_ID,2023-02-14,Ashwagandha,303,0
29,17_CST_ID,2023-03-07,Skin Foods,925,0
30,18_CST_ID,2023-05-20,Ashwagandha,506,0
31,18_CST_ID,2023-06-29,Gut Cleanse,834,0
32,19_CST_ID,2023-05-27,Diabetes Care,956,0
33,19_CST_ID,2023-06-17,Ashwagandha,786,0
34,19_CST_ID,2023-07-28,Apple Cider Vinegar,802,0
35,20_CST_ID,2023-06-04,Gut Cleanse,521,0
36,21_CST_ID,2023-01-01,Diabetes Care,984,0
37,22_CST_ID,2023-03-24,Apple Cider Vinegar,426,0
38,23_CST_ID,2023-04-01,Diabetes Care,1095,0
39,23_CST_ID,2023-04-23,Skin Foods,1164,0
40,24_CST_ID,2023-04-28,Gut Cleanse,733,0
41,24_CST_ID,2023-06-07,Skin Foods,455,0
42,25_CST_ID,2023-05-24,Gut Cleanse,501,0
43,25_CST_ID,2023-06-18,Skin Foods,988,0
44,25_CST_ID,2023-07-05,Skin Foods,561,0
45,26_CST_ID,2023-03-28,Skin Foods,475,0
46,26_CST_ID,2023-04-28,Ashwagandha,402,0
47,26_CST_ID,2023-05-11,Gut Cleanse,854,0
48,27_CST_ID,2023-01-19,Apple Cider Vinegar,745,0
49,27_CST_ID,2023-02-08,Ashwagandha,842,1
50,27_CST_ID,2023-03-16,Ashwagandha,713,1
51,28_CST_ID,2023-05-01,Skin Foods,543,0
52,28_CST_ID,2023-06-08,Diabetes Care,1137,0
53,29_CST_ID,2023-03-22,Diabetes Care,968,0
54,30_CST_ID,2023-04-07,Diabetes Care,406,1
55,31_CST_ID,2023-06-15,Gut Cleanse,718,1
56,31_CST_ID,2023-07-21,Diabetes Care,383,0
57,32_CST_ID,2023-06-23,Apple Cider Vinegar,518,1
58,32_CST_ID,2023-07-23,Skin Foods,774,0
59,32_CST_ID,2023-08-08,Ashwagandha,685,0
60,33_CST_ID,2023-02-26,Apple Cider Vinegar,857,0
61,33_CST_ID,2023-04-04,Ashwagandha,366,0
62,34_CST_ID,2023-01-06,Apple Cider Vinegar,643,0
63,34_CST_ID,2023-02-09,Diabetes Care,527,1
64,35_CST_ID,2023-03-07,Diabetes Care,785,1
65,35_CST_ID,2023-04-15,Diabetes Care,820,1
66,36_CST_ID,2023-01-28,Apple Cider Vinegar,814,0
67,36_CST_ID,2023-02-23,Ashwagandha,535,0
68,36_CST_ID,2023-03-15,Diabetes Care,1095,1
69,37_CST_ID,2023-06-19,Gut Cleanse,417,0
70,38_CST_ID,2023-04-29,Skin Foods,922,1
71,38_CST_ID,2023-05-25,Diabetes Care,313,0
72,39_CST_ID,2023-06-30,Apple Cider Vinegar,1111,0
73,40_CST_ID,2023-01-28,Diabetes Care,409,0
74,40_CST_ID,2023-03-03,Apple Cider Vinegar,512,1
75,41_CST_ID,2023-03-29,Ashwagandha,541,1
76,41_CST_ID,2023-05-01,Gut Cleanse,1061,0
77,41_CST_ID,2023-06-09,Diabetes Care,1134,0
78,42_CST_ID,2023-03-05,Ashwagandha,566,1
79,42_CST_ID,2023-03-26,Skin Foods,830,1
80,42_CST_ID,2023-04-26,Apple Cider Vinegar,401,1
81,43_CST_ID,2023-05-15,Ashwagandha,465,1
82,44_CST_ID,2023-01-09,Apple Cider Vinegar,848,1
83,45_CST_ID,2023-01-11,Gut Cleanse,865,0
84,46_CST_ID,2023-04-08,Skin Foods,1102,0
85,47_CST_ID,2023-05-31,Ashwagandha,529,0
86,47_CST_ID,2023-07-08,Gut Cleanse,300,0
87,48_CST_ID,2023-03-28,Ashwagandha,867,1
88,49_CST_ID,2023-01-24,Apple Cider Vinegar,982,0
89,49_CST_ID,2023-02-26,Gut Cleanse,995,0
90,50_CST_ID,2023-02-21,Apple Cider Vinegar,577,1
91,50_CST_ID,2023-03-19,Diabetes Care,597,0
92,51_CST_ID,2023-03-27,Apple Cider Vinegar,932,0
93,52_CST_ID,2023-01-20,Gut Cleanse,979,0
94,52_CST_ID,2023-02-16,Apple Cider Vinegar,970,0
95,52_CST_ID,2023-03-03,Diabetes Care,428,1
96,53_CST_ID,2023-02-10,Skin Foods,576,1
97,54_CST_ID,2023-06-11,Ashwagandha,930,0
98,54_CST_ID,2023-07-21,Gut Cleanse,324,0
99,55_CST_ID,2023-01-04,Ashwagandha,1107,0
100,55_CST_ID,2023-02-08,Gut Cleanse,435,1
101,55_CST_ID,2023-03-03,Diabetes Care,867,1
102,56_CST_ID,2023-06-29,Skin Foods,1148,1
103,56_CST_ID,2023-08-06,Gut Cleanse,657,1
104,56_CST_ID,2023-09-13,Ashwagandha,969,0
105,57_CST_ID,2023-06-02,Ashwagandha,333,0
106,57_CST_ID,2023-07-03,Ashwagandha,1080,0
107,57_CST_ID,2023-07-20,Apple Cider Vinegar,514,0
108,58_CST_ID,2023-04-30,Diabetes Care,498,0
109,59_CST_ID,2023-03-06,Gut Cleanse,928,0
110,60_CST_ID,2023-02-25,Diabetes Care,1127,0
111,60_CST_ID,2023-04-03,Diabetes Care,436,0
112,60_CST_ID,2023-04-08,Diabetes Care,1053,1
113,61_CST_ID,2023-04-17,Apple Cider Vinegar,347,0
114,62_CST_ID,2023-01-03,Ashwagandha,604,0
115,62_CST_ID,2023-01-30,Gut Cleanse,345,1
116,63_CST_ID,2023-03-30,Skin Foods,838,0
117,63_CST_ID,2023-05-04,Ashwagandha,442,0
118,64_CST_ID,2023-05-10,Apple Cider Vinegar,537,0
119,64_CST_ID,2023-06-01,Ashwagandha,728,0
120,64_CST_ID,2023-07-23,Gut Cleanse,511,1
121,65_CST_ID,2023-01-13,Ashwagandha,983,0
122,66_CST_ID,2023-01-29,Ashwagandha,307,0
123,66_CST_ID,2023-02-19,Ashwagandha,326,0
124,67_CST_ID,2023-02-01,Apple Cider Vinegar,1164,0
125,68_CST_ID,2023-04-07,Diabetes Care,632,0
126,68_CST_ID,2023-05-08,Gut Cleanse,728,0
127,69_CST_ID,2023-05-15,Gut Cleanse,982,1
128,70_CST_ID,2023-04-22,Ashwagandha,967,0
129,71_CST_ID,2023-04-08,Ashwagandha,414,0
130,71_CST_ID,2023-05-13,Apple Cider Vinegar,988,0
131,71_CST_ID,2023-05-28,Apple Cider Vinegar,552,0
132,72_CST_ID,2023-01-04,Diabetes Care,698,0
133,72_CST_ID,2023-01-31,Ashwagandha,911,0
134,73_CST_ID,2023-01-13,Diabetes Care,761,0
135,73_CST_ID,2023-02-18,Apple Cider Vinegar,643,1
136,74_CST_ID,2023-06-19,Apple Cider Vinegar,613,0
137,74_CST_ID,2023-07-22,Gut Cleanse,976,1
138,75_CST_ID,2023-04-20,Skin Foods,1107,1
139,75_CST_ID,2023-05-30,Apple Cider Vinegar,980,0
140,76_CST_ID,2023-01-08,Ashwagandha,1082,0
141,77_CST_ID,2023-03-18,Gut Cleanse,707,0
142,77_CST_ID,2023-04-07,Apple Cider Vinegar,430,0
143,77_CST_ID,2023-04-27,Skin Foods,580,0
144,78_CST_ID,2023-04-30,Skin Foods,840,0
145,79_CST_ID,2023-01-11,Ashwagandha,941,0
146,79_CST_ID,2023-02-16,Diabetes Care,342,0
147,80_CST_ID,2023-04-21,Apple Cider Vinegar,1095,1
148,80_CST_ID,2023-05-30,Ashwagandha,775,1
149,81_CST_ID,2023-03-20,Ashwagandha,621,0
150,81_CST_ID,2023-04-19,Ashwagandha,903,0
151,81_CST_ID,2023-05-11,Apple Cider Vinegar,849,0
152,82_CST_ID,2023-04-21,Diabetes Care,909,1
153,82_CST_ID,2023-05-20,Apple Cider Vinegar,1171,0
154,83_CST_ID,2023-06-08,Skin Foods,651,1
155,83_CST_ID,2023-07-06,Apple Cider Vinegar,304,0
156,83_CST_ID,2023-08-13,Ashwagandha,572,0
157,84_CST_ID,2023-06-13,Skin Foods,1043,0
158,84_CST_ID,2023-07-10,Skin Foods,409,0
159,84_CST_ID,2023-08-02,Diabetes Care,868,0
160,85_CST_ID,2023-03-08,Diabetes Care,808,0
161,86_CST_ID,2023-01-06,Apple Cider Vinegar,1027,0
162,86_CST_ID,2023-02-12,Diabetes Care,1073,0
163,87_CST_ID,2023-01-15,Diabetes Care,1044,1
164,87_CST_ID,2023-02-23,Apple Cider Vinegar,618,0
165,87_CST_ID,2023-03-16,Gut Cleanse,353,0
166,88_CST_ID,2023-06-13,Diabetes Care,428,0
167,88_CST_ID,2023-07-21,Apple Cider Vinegar,554,1
168,89_CST_ID,2023-02-12,Diabetes Care,520,1
169,89_CST_ID,2023-03-15,Skin Foods,1187,0
170,89_CST_ID,2023-04-03,Ashwagandha,985,0
171,90_CST_ID,2023-05-16,Gut Cleanse,747,1
172,91_CST_ID,2023-05-31,Apple Cider Vinegar,713,0
173,92_CST_ID,2023-02-16,Skin Foods,831,0
174,93_CST_ID,2023-02-20,Apple Cider Vinegar,945,1
175,93_CST_ID,2023-03-22,Gut Cleanse,992,0
176,93_CST_ID,2023-04-15,Diabetes Care,871,1
177,94_CST_ID,2023-02-14,Gut Cleanse,910,0
178,95_CST_ID,2023-04-02,Diabetes Care,451,1
179,96_CST_ID,2023-05-13,Gut Cleanse,305,0
180,96_CST_ID,2023-06-16,Skin Foods,520,0
181,97_CST_ID,2023-02-17,Diabetes Care,344,0
182,98_CST_ID,2023-02-10,Skin Foods,1194,0
183,99_CST_ID,2023-03-15,Skin Foods,653,1
184,100_CST_ID,2023-02-04,Diabetes Care,607,0
185,101_CST_ID,2023-06-06,Apple Cider Vinegar,666,0
186,101_CST_ID,2023-06-29,Apple Cider Vinegar,572,1
187,102_CST_ID,2023-02-05,Gut Cleanse,565,0
188,102_CST_ID,2023-03-12,Gut Cleanse,1077,1
189,103_CST_ID,2023-05-29,Gut Cleanse,755,0
190,103_CST_ID,2023-06-23,Apple Cider Vinegar,410,0
191,104_CST_ID,2023-03-16,Gut Cleanse,664,0
192,105_CST_ID,2023-01-31,Gut Cleanse,665,0
193,105_CST_ID,2023-03-10,Apple Cider Vinegar,1138,1
194,105_CST_ID,2023-03-26,Skin Foods,888,0
195,106_CST_ID,2023-05-08,Diabetes Care,397,1
196,106_CST_ID,2023-06-10,Diabetes Care,1019,0
197,107_CST_ID,2023-02-27,Ashwagandha,940,0
198,107_CST_ID,2023-04-07,Diabetes Care,432,0
199,108_CST_ID,2023-06-15,Apple Cider Vinegar,897,0
200,109_CST_ID,2023-04-22,Gut Cleanse,811,0
201,110_CST_ID,2023-01-21,Skin Foods,1037,0
202,111_CST_ID,2023-01-03,Diabetes Care,1101,1
203,111_CST_ID,2023-01-26,Apple Cider Vinegar,888,0
204,111_CST_ID,2023-03-10,Gut Cleanse,384,0
205,112_CST_ID,2023-02-14,Ashwagandha,888,0
206,113_CST_ID,2023-06-30,Diabetes Care,528,0
207,113_CST_ID,2023-08-06,Diabetes Care,644,0
208,114_CST_ID,2023-02-02,Apple Cider Vinegar,1168,0
209,115_CST_ID,2023-06-27,Ashwagandha,424,1
210,115_CST_ID,2023-07-25,Ashwagandha,529,0
211,116_CST_ID,2023-01-28,Apple Cider Vinegar,559,0
212,117_CST_ID,2023-06-11,Ashwagandha,749,0
213,118_CST_ID,2023-04-11,Diabetes Care,585,1
214,118_CST_ID,2023-05-05,Skin Foods,332,0
215,119_CST_ID,2023-01-14,Apple Cider Vinegar,777,0
216,120_CST_ID,2023-05-07,Ashwagandha,860,0
217,120_CST_ID,2023-06-16,Gut Cleanse,853,1
218,121_CST_ID,2023-03-01,Apple Cider Vinegar,825,1
219,122_CST_ID,2023-06-19,Diabetes Care,561,0
220,122_CST_ID,2023-07-25,Gut Cleanse,1074,0
221,123_CST_ID,2023-02-15,Ashwagandha,1050,1
222,124_CST_ID,2023-01-07,Ashwagandha,451,0
223,125_CST_ID,2023-05-24,Gut Cleanse,517,0
224,125_CST_ID,2023-07-01,Gut Cleanse,1139,0
225,126_CST_ID,2023-05-21,Ashwagandha,624,0
226,126_CST_ID,2023-06-20,Gut Cleanse,863,0
227,127_CST_ID,2023-01-17,Diabetes Care,512,0
228,128_CST_ID,2023-06-04,Apple Cider Vinegar,851,1
229,128_CST_ID,2023-07-04,Gut Cleanse,1019,0
230,128_CST_ID,2023-07-30,Gut Cleanse,763,0
231,129_CST_ID,2023-02-22,Ashwagandha,535,0
232,129_CST_ID,2023-03-18,Diabetes Care,494,0
233,129_CST_ID,2023-05-11,Apple Cider Vinegar,548,1
234,130_CST_ID,2023-03-26,Ashwagandha,565,0
235,130_CST_ID,2023-04-24,Skin Foods,1022,0
236,130_CST_ID,2023-05-13,Apple Cider Vinegar,785,1
237,131_CST_ID,2023-03-30,Gut Cleanse,365,0
238,132_CST_ID,2023-06-13,Ashwagandha,919,1
239,132_CST_ID,2023-07-18,Skin Foods,403,1
240,132_CST_ID,2023-08-14,Ashwagandha,458,0
241,133_CST_ID,2023-01-07,Skin Foods,894,0
242,134_CST_ID,2023-01-23,Diabetes Care,851,0
243,135_CST_ID,2023-03-12,Ashwagandha,1156,0
244,135_CST_ID,2023-04-11,Skin Foods,1145,0
245,136_CST_ID,2023-03-18,Skin Foods,817,1
246,137_CST_ID,2023-05-19,Ashwagandha,513,0
247,138_CST_ID,2023-05-08,Apple Cider Vinegar,1038,1
248,139_CST_ID,2023-04-21,Ashwagandha,838,1
249,140_CST_ID,2023-05-17,Skin Foods,740,1
250,141_CST_ID,2023-02-12,Ashwagandha,882,0
251,141_CST_ID,2023-03-09,Apple Cider Vinegar,1094,0
252,142_CST_ID,2023-04-03,Skin Foods,1023,1
253,143_CST_ID,2023-04-19,Diabetes Care,473,0
254,143_CST_ID,2023-05-22,Diabetes Care,956,1
255,144_CST_ID,2023-06-15,Ashwagandha,522,0
256,145_CST_ID,2023-01-12,Diabetes Care,615,1
257,145_CST_ID,2023-02-17,Diabetes Care,1178,0
258,146_CST_ID,2023-04-16,Diabetes Care,535,0
259,146_CST_ID,2023-05-15,Apple Cider Vinegar,1182,0
260,147_CST_ID,2023-02-15,Diabetes Care,338,0
261,147_CST_ID,2023-03-25,Ashwagandha,1063,1
262,148_CST_ID,2023-04-18,Gut Cleanse,691,1
263,148_CST_ID,2023-05-14,Ashwagandha,490,1
264,149_CST_ID,2023-02-22,Gut Cleanse,785,0
265,150_CST_ID,2023-05-04,Apple Cider Vinegar,486,0
266,151_CST_ID,2023-05-03,Skin Foods,604,1
267,152_CST_ID,2023-05-05,Diabetes Care,1179,0
268,152_CST_ID,2023-05-27,Ashwagandha,1090,0
269,153_CST_ID,2023-06-15,Skin Foods,993,1
270,154_CST_ID,2023-05-27,Skin Foods,668,0
271,155_CST_ID,2023-04-02,Skin Foods,590,0
272,156_CST_ID,2023-02-05,Apple Cider Vinegar,1174,0
273,157_CST_ID,2023-04-12,Ashwagandha,762,1
274,157_CST_ID,2023-05-17,Diabetes Care,658,0
275,157_CST_ID,2023-06-03,Apple Cider Vinegar,521,0
276,158_CST_ID,2023-06-08,Gut Cleanse,429,0
277,159_CST_ID,2023-01-11,Skin Foods,827,0
278,160_CST_ID,2023-01-17,Skin Foods,883,1
279,161_CST_ID,2023-05-24,Skin Foods,910,0
280,162_CST_ID,2023-06-20,Gut Cleanse,454,1
281,162_CST_ID,2023-07-15,Ashwagandha,1006,1
282,163_CST_ID,2023-03-10,Skin Foods,1118,0
283,163_CST_ID,2023-04-16,Apple Cider Vinegar,644,0
284,164_CST_ID,2023-02-13,Apple Cider Vinegar,412,1
285,164_CST_ID,2023-03-05,Ashwagandha,905,0
286,165_CST_ID,2023-06-09,Apple Cider Vinegar,797,0
287,165_CST_ID,2023-07-02,Apple Cider Vinegar,747,0
288,166_CST_ID,2023-06-05,Apple Cider Vinegar,1018,1
289,167_CST_ID,2023-04-09,Gut Cleanse,424,1
290,167_CST_ID,2023-04-30,Ashwagandha,822,1
291,167_CST_ID,2023-05-29,Apple Cider Vinegar,799,0
292,168_CST_ID,2023-06-06,Diabetes Care,831,0
293,168_CST_ID,2023-06-28,Skin Foods,466,0
294,168_CST_ID,2023-08-11,Diabetes Care,589,0
295,169_CST_ID,2023-06-13,Gut Cleanse,1025,0
296,169_CST_ID,2023-07-03,Gut Cleanse,737,1
297,170_CST_ID,2023-01-01,Diabetes Care,842,1
298,171_CST_ID,2023-02-18,Gut Cleanse,364,0
299,172_CST_ID,2023-03-24,Diabetes Care,380,0
300,173_CST_ID,2023-03-21,Skin Foods,508,1
301,173_CST_ID,2023-04-12,Ashwagandha,337,0
302,174_CST_ID,2023-05-05,Diabetes Care,1121,0
303,174_CST_ID,2023-06-08,Apple Cider Vinegar,933,1
304,175_CST_ID,2023-06-20,Gut Cleanse,454,0
305,175_CST_ID,2023-07-22,Ashwagandha,560,0
306,175_CST_ID,2023-08-11,Ashwagandha,399,0
307,176_CST_ID,2023-03-13,Ashwagandha,1195,0
308,177_CST_ID,2023-03-10,Gut Cleanse,1146,0
309,177_CST_ID,2023-04-03,Ashwagandha,719,0
310,177_CST_ID,2023-05-29,Diabetes Care,920,0
311,178_CST_ID,2023-03-24,Diabetes Care,1016,0
312,179_CST_ID,2023-04-26,Skin Foods,510,0
313,179_CST_ID,2023-05-23,Diabetes Care,564,1
314,179_CST_ID,2023-06-11,Diabetes Care,620,0
315,180_CST_ID,2023-02-20,Gut Cleanse,930,0
316,181_CST_ID,2023-05-12,Gut Cleanse,1186,1
317,182_CST_ID,2023-01-17,Skin Foods,878,0
318,183_CST_ID,2023-02-23,Skin Foods,962,0
319,183_CST_ID,2023-03-25,Skin Foods,1000,0
320,184_CST_ID,2023-06-23,Skin Foods,337,0
321,184_CST_ID,2023-07-18,Skin Foods,669,1
322,184_CST_ID,2023-08-02,Apple Cider Vinegar,1175,0
323,185_CST_ID,2023-03-16,Skin Foods,774,0
324,185_CST_ID,2023-04-22,Apple Cider Vinegar,851,0
325,186_CST_ID,2023-04-06,Skin Foods,1195,0
326,187_CST_ID,2023-06-26,Apple Cider Vinegar,882,0
327,188_CST_ID,2023-02-25,Apple Cider Vinegar,992,0
328,188_CST_ID,2023-03-17,Ashwagandha,680,0
329,189_CST_ID,2023-05-28,Diabetes Care,1014,0
330,189_CST_ID,2023-06-18,Diabetes Care,304,1
331,190_CST_ID,2023-05-30,Skin Foods,894,0
332,190_CST_ID,2023-06-21,Gut Cleanse,871,0
333,191_CST_ID,2023-02-08,Ashwagandha,904,1
334,191_CST_ID,2023-02-28,Skin Foods,905,0
335,191_CST_ID,2023-04-11,Skin Foods,1146,1
336,192_CST_ID,2023-05-22,Apple Cider Vinegar,605,0
337,192_CST_ID,2023-06-29,Ashwagandha,816,0
338,193_CST_ID,2023-05-17,Gut Cleanse,408,0
339,193_CST_ID,2023-06-10,Gut Cleanse,713,1
340,194_CST_ID,2023-02-04,Apple Cider Vinegar,471,1
341,195_CST_ID,2023-03-10,Ashwagandha,984,1
342,195_CST_ID,2023-04-09,Gut Cleanse,481,1
343,196_CST_ID,2023-04-07,Diabetes Care,535,0
344,197_CST_ID,2023-01-20,Diabetes Care,558,0
345,197_CST_ID,2023-02-09,Diabetes Care,861,0
346,197_CST_ID,2023-03-21,Apple Cider Vinegar,325,0
347,198_CST_ID,2023-03-15,Skin Foods,566,0
348,199_CST_ID,2023-01-24,Diabetes Care,851,1
349,199_CST_ID,2023-02-27,Skin Foods,637,1
350,200_CST_ID,2023-02-01,Gut Cleanse,538,0
351,200_CST_ID,2023-02-23,Diabetes Care,605,0
352,201_CST_ID,2023-04-29,Diabetes Care,491,0
353,202_CST_ID,2023-05-10,Apple Cider Vinegar,1076,0
354,203_CST_ID,2023-01-03,Ashwagandha,828,1
355,203_CST_ID,2023-01-27,Skin Foods,583,0
356,204_CST_ID,2023-03-28,Diabetes Care,491,1
357,205_CST_ID,2023-05-27,Apple Cider Vinegar,862,0
358,206_CST_ID,2023-04-02,Gut Cleanse,426,1
359,206_CST_ID,2023-05-01,Diabetes Care,987,0
360,206_CST_ID,2023-05-24,Gut Cleanse,820,0
361,207_CST_ID,2023-03-28,Gut Cleanse,629,1
362,208_CST_ID,2023-02-16,Diabetes Care,1190,0
363,208_CST_ID,2023-03-15,Diabetes Care,1097,0
364,208_CST_ID,2023-03-28,Ashwagandha,1039,1
365,209_CST_ID,2023-01-13,Diabetes Care,911,1
366,210_CST_ID,2023-04-11,Ashwagandha,425,0
367,211_CST_ID,2023-04-13,Skin Foods,441,0
368,212_CST_ID,2023-03-11,Diabetes Care,1117,0
369,213_CST_ID,2023-01-31,Apple Cider Vinegar,1054,0
370,214_CST_ID,2023-04-28,Apple Cider Vinegar,362,0
371,215_CST_ID,2023-05-29,Diabetes Care,989,0
372,215_CST_ID,2023-06-25,Apple Cider Vinegar,944,0
373,216_CST_ID,2023-02-23,Apple Cider Vinegar,984,1
374,217_CST_ID,2023-05-09,Diabetes Care,374,0
375,218_CST_ID,2023-04-21,Apple Cider Vinegar,345,0
376,218_CST_ID,2023-05-30,Ashwagandha,690,0
377,219_CST_ID,2023-02-24,Ashwagandha,1096,0
378,220_CST_ID,2023-03-30,Diabetes Care,1034,0
379,221_CST_ID,2023-01-05,Apple Cider Vinegar,903,1
380,222_CST_ID,2023-06-06,Skin Foods,739,1
381,222_CST_ID,2023-07-08,Gut Cleanse,1035,0
382,223_CST_ID,2023-05-30,Skin Foods,390,0
383,223_CST_ID,2023-07-01,Gut Cleanse,835,1
384,224_CST_ID,2023-05-20,Gut Cleanse,1079,0
385,225_CST_ID,2023-04-16,Apple Cider Vinegar,900,1
386,225_CST_ID,2023-05-26,Skin Foods,660,1
387,226_CST_ID,2023-04-03,Skin Foods,718,1
388,226_CST_ID,2023-05-05,Skin Foods,379,0
389,227_CST_ID,2023-06-04,Skin Foods,606,0
390,227_CST_ID,2023-07-14,Apple Cider Vinegar,876,1
391,228_CST_ID,2023-03-14,Skin Foods,366,1
392,229_CST_ID,2023-06-13,Apple Cider Vinegar,911,0
393,229_CST_ID,2023-07-14,Ashwagandha,574,0
394,230_CST_ID,2023-06-28,Gut Cleanse,342,0
395,231_CST_ID,2023-03-31,Apple Cider Vinegar,967,1
396,232_CST_ID,2023-03-14,Diabetes Care,1077,0
397,232_CST_ID,2023-04-16,Diabetes Care,1169,0
398,233_CST_ID,2023-02-14,Gut Cleanse,1066,1
399,234_CST_ID,2023-05-22,Apple Cider Vinegar,373,0
400,235_CST_ID,2023-04-01,Ashwagandha,912,0
401,235_CST_ID,2023-05-05,Diabetes Care,512,0
402,236_CST_ID,2023-02-09,Ashwagandha,1118,1
403,236_CST_ID,2023-03-11,Ashwagandha,574,0
404,237_CST_ID,2023-01-09,Apple Cider Vinegar,359,1
405,237_CST_ID,2023-02-17,Ashwagandha,928,1
406,237_CST_ID,2023-03-14,Apple Cider Vinegar,953,0
407,238_CST_ID,2023-05-03,Diabetes Care,1191,0
408,239_CST_ID,2023-03-20,Apple Cider Vinegar,855,1
409,239_CST_ID,2023-04-15,Diabetes Care,755,0
410,239_CST_ID,2023-06-06,Ashwagandha,984,1
411,240_CST_ID,2023-06-10,Diabetes Care,397,1
412,241_CST_ID,2023-03-12,Diabetes Care,676,1
413,241_CST_ID,2023-04-11,Ashwagandha,1188,1
414,242_CST_ID,2023-05-05,Ashwagandha,1040,0
415,243_CST_ID,2023-05-13,Ashwagandha,1044,0
416,243_CST_ID,2023-06-04,Apple Cider Vinegar,1155,0
417,244_CST_ID,2023-01-08,Gut Cleanse,655,1
418,244_CST_ID,2023-02-14,Apple Cider Vinegar,377,0
419,244_CST_ID,2023-02-25,Gut Cleanse,827,0
420,245_CST_ID,2023-01-03,Gut Cleanse,891,1
421,245_CST_ID,2023-01-30,Diabetes Care,301,0
422,245_CST_ID,2023-02-14,Skin Foods,1089,0
423,246_CST_ID,2023-03-14,Apple Cider Vinegar,924,0
424,247_CST_ID,2023-03-06,Ashwagandha,634,0
425,248_CST_ID,2023-06-04,Ashwagandha,1159,1
426,249_CST_ID,2023-02-08,Ashwagandha,788,0
427,250_CST_ID,2023-03-08,Skin Foods,1028,0
428,250_CST_ID,2023-03-28,Gut Cleanse,367,0
429,251_CST_ID,2023-05-26,Ashwagandha,1159,0
430,252_CST_ID,2023-02-26,Skin Foods,1041,1
431,253_CST_ID,2023-01-11,Ashwagandha,642,0
432,253_CST_ID,2023-02-03,Skin Foods,1174,1
433,254_CST_ID,2023-02-25,Gut Cleanse,721,0
434,255_CST_ID,2023-01-30,Skin Foods,349,0
435,255_CST_ID,2023-03-04,Diabetes Care,309,0
436,256_CST_ID,2023-04-07,Apple Cider Vinegar,523,0
437,257_CST_ID,2023-03-12,Diabetes Care,857,0
438,257_CST_ID,2023-04-14,Apple Cider Vinegar,590,0
439,258_CST_ID,2023-05-25,Gut Cleanse,335,0
440,258_CST_ID,2023-06-27,Gut Cleanse,959,0
441,258_CST_ID,2023-07-20,Apple Cider Vinegar,327,1
442,259_CST_ID,2023-06-06,Gut Cleanse,1140,0
443,260_CST_ID,2023-04-28,Skin Foods,316,0
444,260_CST_ID,2023-05-31,Ashwagandha,941,0
445,260_CST_ID,2023-06-15,Skin Foods,434,1
446,261_CST_ID,2023-05-19,Ashwagandha,873,0
447,262_CST_ID,2023-06-06,Ashwagandha,590,0
448,263_CST_ID,2023-04-06,Ashwagandha,826,0
449,264_CST_ID,2023-04-24,Apple Cider Vinegar,1106,0
450,265_CST_ID,2023-03-09,Diabetes Care,446,0
451,265_CST_ID,2023-04-01,Diabetes Care,1071,1
452,266_CST_ID,2023-02-19,Gut Cleanse,621,0
453,266_CST_ID,2023-03-19,Apple Cider Vinegar,1187,1
454,267_CST_ID,2023-02-22,Gut Cleanse,936,0
455,267_CST_ID,2023-04-02,Apple Cider Vinegar,838,0
456,267_CST_ID,2023-04-25,Ashwagandha,672,0
457,268_CST_ID,2023-04-01,Gut Cleanse,1120,0
458,268_CST_ID,2023-05-10,Diabetes Care,1004,0
459,269_CST_ID,2023-03-18,Apple Cider Vinegar,966,0
460,270_CST_ID,2023-02-28,Diabetes Care,648,0
461,271_CST_ID,2023-05-16,Ashwagandha,893,0
462,272_CST_ID,2023-05-18,Skin Foods,1065,0
463,272_CST_ID,2023-06-07,Ashwagandha,1064,0
464,272_CST_ID,2023-07-17,Apple Cider Vinegar,797,0
465,273_CST_ID,2023-04-23,Apple Cider Vinegar,771,0
466,274_CST_ID,2023-01-04,Skin Foods,606,0
467,275_CST_ID,2023-03-31,Ashwagandha,628,0
468,275_CST_ID,2023-04-29,Apple Cider Vinegar,949,1
469,275_CST_ID,2023-06-15,Gut Cleanse,403,0
470,276_CST_ID,2023-06-15,Ashwagandha,387,0
471,277_CST_ID,2023-02-05,Diabetes Care,864,0
472,277_CST_ID,2023-03-10,Apple Cider Vinegar,430,0
473,278_CST_ID,2023-05-06,Apple Cider Vinegar,1139,1
474,278_CST_ID,2023-05-26,Apple Cider Vinegar,914,0
475,279_CST_ID,2023-01-13,Ashwagandha,465,0
476,279_CST_ID,2023-02-22,Diabetes Care,587,1
477,280_CST_ID,2023-01-11,Gut Cleanse,804,1
478,281_CST_ID,2023-02-25,Skin Foods,532,0
479,282_CST_ID,2023-03-30,Ashwagandha,619,0
480,282_CST_ID,2023-04-21,Ashwagandha,303,0
481,283_CST_ID,2023-06-01,Apple Cider Vinegar,376,0
482,284_CST_ID,2023-06-28,Gut Cleanse,1130,0
483,285_CST_ID,2023-04-08,Gut Cleanse,1033,0
484,286_CST_ID,2023-04-17,Skin Foods,754,1
485,287_CST_ID,2023-06-22,Apple Cider Vinegar,988,0
486,287_CST_ID,2023-07-26,Apple Cider Vinegar,1092,0
487,287_CST_ID,2023-08-23,Apple Cider Vinegar,1128,1
488,288_CST_ID,2023-02-22,Apple Cider Vinegar,821,1
489,289_CST_ID,2023-03-07,Skin Foods,331,0
490,289_CST_ID,2023-03-31,Gut Cleanse,1038,0
491,290_CST_ID,2023-03-12,Ashwagandha,550,0
492,291_CST_ID,2023-03-29,Skin Foods,736,0
493,291_CST_ID,2023-04-29,Ashwagandha,777,0
494,292_CST_ID,2023-05-12,Diabetes Care,332,0
495,292_CST_ID,2023-06-16,Gut Cleanse,436,1
496,293_CST_ID,2023-01-14,Ashwagandha,935,0
497,294_CST_ID,2023-06-02,Diabetes Care,1070,0
498,295_CST_ID,2023-04-18,Gut Cleanse,385,1
499,295_CST_ID,2023-05-15,Ashwagandha,733,0
500,295_CST_ID,2023-05-30,Apple Cider Vinegar,920,0
501,296_CST_ID,2023-01-21,Ashwagandha,1020,1
502,297_CST_ID,2023-01-24,Skin Foods,490,0
503,297_CST_ID,2023-02-18,Ashwagandha,579,0
504,297_CST_ID,2023-03-29,Diabetes Care,1118,0
505,298_CST_ID,2023-04-22,Gut Cleanse,765,0
506,299_CST_ID,2023-03-24,Apple Cider Vinegar,496,1
507,300_CST_ID,2023-03-25,Apple Cider Vinegar,1189,1
508,301_CST_ID,2023-03-30,Ashwagandha,1068,0
509,302_CST_ID,2023-01-11,Skin Foods,673,0
510,303_CST_ID,2023-04-11,Ashwagandha,452,1
511,304_CST_ID,2023-03-30,Gut Cleanse,805,0
512,305_CST_ID,2023-05-23,Ashwagandha,881,0
513,306_CST_ID,2023-03-05,Ashwagandha,740,0
514,306_CST_ID,2023-04-02,Diabetes Care,566,1
515,306_CST_ID,2023-05-20,Apple Cider Vinegar,897,0
516,307_CST_ID,2023-05-21,Gut Cleanse,1083,0
517,307_CST_ID,2023-06-25,Gut Cleanse,808,0
518,308_CST_ID,2023-02-18,Skin Foods,946,0
519,309_CST_ID,2023-05-25,Gut Cleanse,573,0
520,310_CST_ID,2023-02-09,Apple Cider Vinegar,1158,0
521,310_CST_ID,2023-03-03,Ashwagandha,753,0
522,310_CST_ID,2023-03-23,Apple Cider Vinegar,477,0
523,311_CST_ID,2023-04-03,Ashwagandha,384,0
524,312_CST_ID,2023-02-16,Skin Foods,800,0
525,313_CST_ID,2023-03-15,Apple Cider Vinegar,725,1
526,314_CST_ID,2023-06-07,Gut Cleanse,525,0
527,314_CST_ID,2023-07-04,Apple Cider Vinegar,1016,0
528,315_CST_ID,2023-04-03,Skin Foods,512,0
529,315_CST_ID,2023-05-03,Diabetes Care,761,0
530,316_CST_ID,2023-03-30,Apple Cider Vinegar,924,0
531,316_CST_ID,2023-05-09,Gut Cleanse,968,0
532,317_CST_ID,2023-03-15,Diabetes Care,469,1
533,318_CST_ID,2023-05-04,Skin Foods,1096,0
534,318_CST_ID,2023-06-08,Gut Cleanse,1110,0
535,319_CST_ID,2023-06-20,Diabetes Care,327,0
536,319_CST_ID,2023-07-22,Skin Foods,568,0
537,320_CST_ID,2023-04-02,Apple Cider Vinegar,1144,0
538,320_CST_ID,2023-05-05,Gut Cleanse,1017,0
539,320_CST_ID,2023-05-12,Apple Cider Vinegar,305,0
540,321_CST_ID,2023-01-01,Apple Cider Vinegar,865,0
541,321_CST_ID,2023-01-21,Apple Cider Vinegar,579,0
542,322_CST_ID,2023-05-06,Skin Foods,990,0
543,322_CST_ID,2023-06-06,Apple Cider Vinegar,870,0
544,323_CST_ID,2023-02-21,Diabetes Care,391,0
545,323_CST_ID,2023-03-20,Skin Foods,401,0
546,324_CST_ID,2023-05-06,Gut Cleanse,1022,0
547,325_CST_ID,2023-06-17,Apple Cider Vinegar,734,0
548,325_CST_ID,2023-07-11,Skin Foods,460,0
549,325_CST_ID,2023-08-08,Skin Foods,753,0
550,326_CST_ID,2023-06-02,Ashwagandha,359,0
551,326_CST_ID,2023-06-23,Apple Cider Vinegar,462,1
552,326_CST_ID,2023-08-13,Ashwagandha,564,0
553,327_CST_ID,2023-04-17,Apple Cider Vinegar,1194,0
554,328_CST_ID,2023-05-02,Diabetes Care,1190,1
555,328_CST_ID,2023-06-01,Gut Cleanse,1028,1
556,329_CST_ID,2023-06-26,Ashwagandha,1200,0
557,330_CST_ID,2023-02-11,Apple Cider Vinegar,970,1
558,331_CST_ID,2023-04-02,Diabetes Care,416,0
559,332_CST_ID,2023-04-19,Apple Cider Vinegar,517,0
560,332_CST_ID,2023-05-22,Diabetes Care,822,0
561,332_CST_ID,2023-06-22,Gut Cleanse,319,0
562,333_CST_ID,2023-05-10,Apple Cider Vinegar,1121,0
563,333_CST_ID,2023-06-06,Ashwagandha,1180,0
564,334_CST_ID,2023-06-22,Gut Cleanse,857,0
565,335_CST_ID,2023-06-09,Gut Cleanse,330,0
566,336_CST_ID,2023-05-14,Gut Cleanse,308,0
567,337_CST_ID,2023-04-16,Diabetes Care,629,0
568,337_CST_ID,2023-05-08,Diabetes Care,596,1
569,338_CST_ID,2023-04-23,Skin Foods,1089,0
570,339_CST_ID,2023-01-14,Ashwagandha,381,0
571,339_CST_ID,2023-02-22,Skin Foods,1166,0
572,340_CST_ID,2023-04-30,Gut Cleanse,595,0
573,340_CST_ID,2023-05-20,Diabetes Care,620,1
574,341_CST_ID,2023-06-29,Skin Foods,569,0
575,342_CST_ID,2023-03-07,Apple Cider Vinegar,860,0
576,342_CST_ID,2023-04-04,Skin Foods,913,1
577,343_CST_ID,2023-06-10,Apple Cider Vinegar,389,0
578,343_CST_ID,2023-07-18,Ashwagandha,1197,0
579,343_CST_ID,2023-08-05,Gut Cleanse,746,1
580,344_CST_ID,2023-06-07,Apple Cider Vinegar,632,0
581,344_CST_ID,2023-06-30,Skin Foods,727,0
582,345_CST_ID,2023-01-22,Diabetes Care,551,1
583,345_CST_ID,2023-02-13,Apple Cider Vinegar,946,0
584,346_CST_ID,2023-06-11,Skin Foods,702,1
585,346_CST_ID,2023-07-10,Diabetes Care,678,1
586,347_CST_ID,2023-02-21,Diabetes Care,777,1
587,347_CST_ID,2023-03-30,Diabetes Care,554,0
588,348_CST_ID,2023-03-09,Ashwagandha,681,1
589,349_CST_ID,2023-05-19,Gut Cleanse,966,0
590,349_CST_ID,2023-06-14,Diabetes Care,755,0
591,349_CST_ID,2023-07-06,Diabetes Care,502,0
592,350_CST_ID,2023-05-10,Skin Foods,930,1
593,350_CST_ID,2023-06-16,Apple Cider Vinegar,685,0
594,350_CST_ID,2023-07-07,Apple Cider Vinegar,654,1
595,351_CST_ID,2023-06-07,Diabetes Care,524,1
596,352_CST_ID,2023-04-17,Skin Foods,706,1
597,352_CST_ID,2023-05-21,Gut Cleanse,364,1
598,353_CST_ID,2023-05-24,Diabetes Care,820,1
599,354_CST_ID,2023-04-28,Gut Cleanse,536,0
600,354_CST_ID,2023-06-03,Apple Cider Vinegar,495,1
601,355_CST_ID,2023-04-17,Apple Cider Vinegar,300,0
602,355_CST_ID,2023-05-19,Diabetes Care,790,0
603,356_CST_ID,2023-02-18,Gut Cleanse,444,0
604,356_CST_ID,2023-03-30,Skin Foods,1030,0
605,357_CST_ID,2023-05-10,Ashwagandha,1089,1
606,357_CST_ID,2023-06-15,Ashwagandha,1069,0
607,358_CST_ID,2023-05-01,Apple Cider Vinegar,1021,0
608,359_CST_ID,2023-03-22,Ashwagandha,591,1
609,360_CST_ID,2023-01-16,Gut Cleanse,616,0
610,360_CST_ID,2023-02-13,Gut Cleanse,495,1
611,361_CST_ID,2023-06-19,Apple Cider Vinegar,480,0
612,362_CST_ID,2023-04-28,Gut Cleanse,352,0
613,362_CST_ID,2023-06-02,Ashwagandha,401,0
614,362_CST_ID,2023-07-15,Skin Foods,1128,0
615,363_CST_ID,2023-03-10,Gut Cleanse,795,1
616,364_CST_ID,2023-04-30,Apple Cider Vinegar,738,0
617,365_CST_ID,2023-01-03,Diabetes Care,567,1
618,366_CST_ID,2023-06-04,Ashwagandha,905,1
619,367_CST_ID,2023-01-27,Skin Foods,400,0
620,367_CST_ID,2023-03-08,Ashwagandha,508,0
621,368_CST_ID,2023-05-17,Gut Cleanse,1045,0
622,368_CST_ID,2023-06-20,Ashwagandha,913,0
623,368_CST_ID,2023-07-06,Ashwagandha,969,0
624,369_CST_ID,2023-04-15,Ashwagandha,462,0
625,369_CST_ID,2023-05-19,Apple Cider Vinegar,958,0
626,369_CST_ID,2023-06-04,Skin Foods,1059,0
627,370_CST_ID,2023-01-02,Gut Cleanse,950,0
628,370_CST_ID,2023-01-30,Apple Cider Vinegar,837,0
629,370_CST_ID,2023-02-21,Apple Cider Vinegar,762,0
630,371_CST_ID,2023-04-25,Gut Cleanse,495,0
631,371_CST_ID,2023-06-04,Ashwagandha,1196,0
632,372_CST_ID,2023-01-05,Gut Cleanse,929,0
633,372_CST_ID,2023-02-05,Ashwagandha,594,0
634,373_CST_ID,2023-01-28,Apple Cider Vinegar,649,0
635,374_CST_ID,2023-01-20,Skin Foods,1140,1
636,375_CST_ID,2023-06-21,Ashwagandha,962,1
637,376_CST_ID,2023-06-23,Diabetes Care,1063,0
638,377_CST_ID,2023-02-20,Apple Cider Vinegar,523,0
639,378_CST_ID,2023-03-10,Ashwagandha,1050,0
640,378_CST_ID,2023-04-12,Apple Cider Vinegar,644,0
641,378_CST_ID,2023-05-21,Diabetes Care,741,0
642,379_CST_ID,2023-06-29,Apple Cider Vinegar,616,0
643,380_CST_ID,2023-05-31,Skin Foods,314,0
644,380_CST_ID,2023-06-21,Skin Foods,886,0
645,380_CST_ID,2023-07-30,Skin Foods,1042,0
646,381_CST_ID,2023-05-16,Diabetes Care,480,0
647,381_CST_ID,2023-06-17,Gut Cleanse,973,0
648,382_CST_ID,2023-02-14,Skin Foods,850,1
649,382_CST_ID,2023-03-25,Diabetes Care,1084,1
650,383_CST_ID,2023-05-29,Diabetes Care,856,0
651,384_CST_ID,2023-02-16,Diabetes Care,365,0
652,385_CST_ID,2023-05-11,Diabetes Care,958,1
653,386_CST_ID,2023-03-08,Skin Foods,613,0
654,386_CST_ID,2023-04-06,Skin Foods,337,0
655,386_CST_ID,2023-05-11,Ashwagandha,1077,0
656,387_CST_ID,2023-04-07,Apple Cider Vinegar,536,0
657,387_CST_ID,2023-05-12,Ashwagandha,400,0
658,388_CST_ID,2023-06-19,Skin Foods,405,1
659,388_CST_ID,2023-07-28,Ashwagandha,772,0
660,388_CST_ID,2023-09-01,Ashwagandha,541,0
661,389_CST_ID,2023-06-21,Apple Cider Vinegar,800,0
662,389_CST_ID,2023-07-19,Apple Cider Vinegar,941,1
663,390_CST_ID,2023-05-05,Gut Cleanse,1066,0
664,390_CST_ID,2023-05-25,Apple Cider Vinegar,583,1
665,391_CST_ID,2023-02-13,Skin Foods,365,0
666,392_CST_ID,2023-05-04,Ashwagandha,659,0
667,393_CST_ID,2023-06-19,Diabetes Care,503,0
668,393_CST_ID,2023-07-23,Gut Cleanse,898,0
669,393_CST_ID,2023-08-24,Apple Cider Vinegar,949,1
670,394_CST_ID,2023-05-19,Gut Cleanse,933,1
671,395_CST_ID,2023-02-07,Ashwagandha,460,0
672,395_CST_ID,2023-03-07,Diabetes Care,807,0
673,396_CST_ID,2023-02-08,Apple Cider Vinegar,1102,0
674,396_CST_ID,2023-03-07,Ashwagandha,1102,0
675,397_CST_ID,2023-06-29,Apple Cider Vinegar,848,0
676,398_CST_ID,2023-06-29,Gut Cleanse,670,0
677,399_CST_ID,2023-06-09,Gut Cleanse,529,0
678,399_CST_ID,2023-07-13,Gut Cleanse,519,0
679,399_CST_ID,2023-08-14,Skin Foods,347,0
680,400_CST_ID,2023-05-18,Gut Cleanse,512,0
681,401_CST_ID,2023-02-12,Diabetes Care,986,0
682,401_CST_ID,2023-03-14,Apple Cider Vinegar,1076,1
683,402_CST_ID,2023-03-31,Skin Foods,1193,0
684,403_CST_ID,2023-06-16,Diabetes Care,358,1
685,403_CST_ID,2023-07-19,Diabetes Care,656,0
686,404_CST_ID,2023-03-14,Ashwagandha,886,0
687,404_CST_ID,2023-04-22,Ashwagandha,322,1
688,405_CST_ID,2023-01-16,Gut Cleanse,712,0
689,405_CST_ID,2023-02-14,Skin Foods,862,0
690,406_CST_ID,2023-04-08,Diabetes Care,517,0
691,406_CST_ID,2023-04-29,Ashwagandha,534,0
692,407_CST_ID,2023-06-03,Apple Cider Vinegar,343,0
693,408_CST_ID,2023-02-07,Diabetes Care,350,0
694,408_CST_ID,2023-03-15,Ashwagandha,399,0
695,409_CST_ID,2023-05-13,Ashwagandha,586,0
696,410_CST_ID,2023-06-14,Apple Cider Vinegar,309,0
697,411_CST_ID,2023-01-06,Gut Cleanse,904,1
698,412_CST_ID,2023-06-10,Apple Cider Vinegar,592,0
699,413_CST_ID,2023-05-20,Gut Cleanse,846,0
700,414_CST_ID,2023-05-16,Skin Foods,935,0
701,414_CST_ID,2023-06-25,Diabetes Care,969,0
702,415_CST_ID,2023-01-23,Apple Cider Vinegar,1138,1
703,415_CST_ID,2023-03-04,Diabetes Care,1064,0
704,416_CST_ID,2023-06-08,Gut Cleanse,976,0
705,416_CST_ID,2023-07-15,Ashwagandha,676,0
706,416_CST_ID,2023-07-30,Apple Cider Vinegar,580,0
707,417_CST_ID,2023-06-03,Diabetes Care,636,0
708,418_CST_ID,2023-05-23,Gut Cleanse,439,0
709,418_CST_ID,2023-06-21,Diabetes Care,911,0
710,419_CST_ID,2023-05-26,Apple Cider Vinegar,1095,0
711,420_CST_ID,2023-05-25,Ashwagandha,745,1
712,420_CST_ID,2023-06-19,Gut Cleanse,970,0
713,421_CST_ID,2023-01-19,Ashwagandha,634,1
714,421_CST_ID,2023-02-26,Apple Cider Vinegar,365,0
715,421_CST_ID,2023-03-24,Apple Cider Vinegar,681,0
716,422_CST_ID,2023-04-21,Skin Foods,842,0
717,422_CST_ID,2023-05-13,Ashwagandha,1082,1
718,423_CST_ID,2023-03-06,Apple Cider Vinegar,703,0
719,424_CST_ID,2023-02-16,Apple Cider Vinegar,507,0
720,424_CST_ID,2023-03-18,Diabetes Care,781,1
721,425_CST_ID,2023-02-28,Skin Foods,1016,0
722,426_CST_ID,2023-04-27,Gut Cleanse,597,0
723,426_CST_ID,2023-05-22,Apple Cider Vinegar,884,0
724,426_CST_ID,2023-06-16,Diabetes Care,1155,0
725,427_CST_ID,2023-05-26,Gut Cleanse,538,1
726,427_CST_ID,2023-06-24,Ashwagandha,863,0
727,428_CST_ID,2023-04-11,Apple Cider Vinegar,843,0
728,429_CST_ID,2023-05-27,Skin Foods,453,0
729,429_CST_ID,2023-06-26,Ashwagandha,421,0
730,429_CST_ID,2023-08-05,Diabetes Care,911,0
731,430_CST_ID,2023-06-16,Gut Cleanse,912,0
732,431_CST_ID,2023-01-29,Diabetes Care,1134,1
733,432_CST_ID,2023-06-30,Diabetes Care,1002,1
734,432_CST_ID,2023-07-31,Apple Cider Vinegar,599,0
735,433_CST_ID,2023-06-28,Ashwagandha,969,1
736,433_CST_ID,2023-07-29,Skin Foods,340,0
737,434_CST_ID,2023-05-02,Ashwagandha,1114,1
738,435_CST_ID,2023-03-03,Ashwagandha,833,0
739,435_CST_ID,2023-03-29,Skin Foods,725,0
740,436_CST_ID,2023-04-16,Ashwagandha,565,0
741,436_CST_ID,2023-05-06,Apple Cider Vinegar,1120,0
742,437_CST_ID,2023-01-09,Diabetes Care,420,0
743,438_CST_ID,2023-05-28,Skin Foods,454,1
744,438_CST_ID,2023-07-02,Gut Cleanse,509,0
745,439_CST_ID,2023-02-05,Diabetes Care,460,0
746,440_CST_ID,2023-05-02,Apple Cider Vinegar,873,1
747,441_CST_ID,2023-02-21,Apple Cider Vinegar,973,0
748,441_CST_ID,2023-03-24,Gut Cleanse,1063,1
749,441_CST_ID,2023-04-20,Ashwagandha,727,0
750,442_CST_ID,2023-02-03,Gut Cleanse,958,0
751,442_CST_ID,2023-02-26,Apple Cider Vinegar,837,0
752,442_CST_ID,2023-03-25,Apple Cider Vinegar,810,0
753,443_CST_ID,2023-02-05,Skin Foods,858,0
754,444_CST_ID,2023-06-25,Skin Foods,599,0
755,445_CST_ID,2023-05-13,Gut Cleanse,441,1
756,445_CST_ID,2023-06-13,Gut Cleanse,804,0
757,446_CST_ID,2023-06-29,Gut Cleanse,803,0
758,447_CST_ID,2023-01-17,Gut Cleanse,598,0
759,448_CST_ID,2023-06-20,Skin Foods,1026,0
760,449_CST_ID,2023-01-17,Apple Cider Vinegar,1103,0
761,449_CST_ID,2023-02-19,Apple Cider Vinegar,682,0
762,450_CST_ID,2023-01-07,Ashwagandha,838,0
763,451_CST_ID,2023-03-30,Apple Cider Vinegar,442,0
764,451_CST_ID,2023-05-03,Ashwagandha,399,1
765,451_CST_ID,2023-05-21,Ashwagandha,1189,0
766,452_CST_ID,2023-01-25,Skin Foods,879,1
767,452_CST_ID,2023-02-20,Skin Foods,356,0
768,452_CST_ID,2023-04-07,Apple Cider Vinegar,607,0
769,453_CST_ID,2023-01-04,Apple Cider Vinegar,524,0
770,453_CST_ID,2023-01-31,Apple Cider Vinegar,536,0
771,454_CST_ID,2023-06-22,Skin Foods,1087,1
772,455_CST_ID,2023-01-07,Skin Foods,945,0
773,455_CST_ID,2023-01-27,Gut Cleanse,515,0
774,455_CST_ID,2023-03-04,Apple Cider Vinegar,561,0
775,456_CST_ID,2023-05-15,Diabetes Care,890,0
776,457_CST_ID,2023-04-12,Gut Cleanse,946,0
777,457_CST_ID,2023-05-20,Apple Cider Vinegar,805,0
778,457_CST_ID,2023-07-01,Skin Foods,438,0
779,458_CST_ID,2023-01-17,Diabetes Care,955,0
780,459_CST_ID,2023-02-08,Apple Cider Vinegar,785,0
781,459_CST_ID,2023-03-07,Gut Cleanse,336,0
782,460_CST_ID,2023-01-24,Skin Foods,700,1
783,461_CST_ID,2023-04-04,Skin Foods,778,1
784,462_CST_ID,2023-06-03,Skin Foods,1153,0
785,462_CST_ID,2023-07-04,Skin Foods,1067,0
786,463_CST_ID,2023-02-06,Gut Cleanse,617,0
787,463_CST_ID,2023-03-16,Ashwagandha,340,1
788,464_CST_ID,2023-05-30,Skin Foods,939,0
789,464_CST_ID,2023-07-04,Ashwagandha,1045,0
790,464_CST_ID,2023-07-09,Ashwagandha,347,1
791,465_CST_ID,2023-01-29,Diabetes Care,448,1
792,465_CST_ID,2023-02-21,Skin Foods,1110,0
793,466_CST_ID,2023-02-21,Ashwagandha,915,0
794,466_CST_ID,2023-03-22,Skin Foods,892,0
795,466_CST_ID,2023-04-06,Skin Foods,808,1
796,467_CST_ID,2023-02-19,Skin Foods,754,0
797,468_CST_ID,2023-06-07,Skin Foods,673,0
798,468_CST_ID,2023-06-27,Diabetes Care,819,0
799,469_CST_ID,2023-03-13,Diabetes Care,338,0
800,470_CST_ID,2023-01-04,Apple Cider Vinegar,520,1
801,471_CST_ID,2023-04-06,Apple Cider Vinegar,877,0
802,471_CST_ID,2023-05-13,Diabetes Care,368,0
803,472_CST_ID,2023-01-18,Apple Cider Vinegar,452,1
804,473_CST_ID,2023-03-16,Apple Cider Vinegar,753,1
805,474_CST_ID,2023-02-22,Apple Cider Vinegar,1047,0
806,474_CST_ID,2023-03-22,Apple Cider Vinegar,896,0
807,475_CST_ID,2023-03-21,Apple Cider Vinegar,1172,0
808,476_CST_ID,2023-01-01,Gut Cleanse,537,0
809,477_CST_ID,2023-04-11,Skin Foods,1181,1
810,477_CST_ID,2023-05-10,Apple Cider Vinegar,1191,1
811,477_CST_ID,2023-06-30,Ashwagandha,325,1
812,478_CST_ID,2023-02-04,Ashwagandha,544,0
813,478_CST_ID,2023-03-02,Gut Cleanse,690,0
814,479_CST_ID,2023-01-06,Diabetes Care,819,0
815,479_CST_ID,2023-01-29,Ashwagandha,1067,0
816,479_CST_ID,2023-03-17,Ashwagandha,713,0
817,480_CST_ID,2023-06-22,Ashwagandha,373,0
818,481_CST_ID,2023-01-11,Diabetes Care,1183,0
819,482_CST_ID,2023-05-16,Gut Cleanse,813,1
820,482_CST_ID,2023-06-25,Diabetes Care,1179,0
821,483_CST_ID,2023-04-08,Apple Cider Vinegar,770,1
822,484_CST_ID,2023-05-21,Ashwagandha,430,1
823,484_CST_ID,2023-06-23,Skin Foods,602,1
824,485_CST_ID,2023-03-02,Gut Cleanse,896,0
825,485_CST_ID,2023-03-30,Ashwagandha,683,0
826,486_CST_ID,2023-06-16,Gut Cleanse,535,1
827,487_CST_ID,2023-01-27,Ashwagandha,854,1
828,488_CST_ID,2023-02-08,Skin Foods,794,0
829,489_CST_ID,2023-04-29,Skin Foods,1007,0
830,490_CST_ID,2023-05-27,Diabetes Care,335,0
831,490_CST_ID,2023-06-23,Apple Cider Vinegar,919,0
832,491_CST_ID,2023-03-04,Ashwagandha,1147,0
833,492_CST_ID,2023-02-20,Apple Cider Vinegar,727,0
834,493_CST_ID,2023-04-10,Diabetes Care,1112,1
835,494_CST_ID,2023-01-16,Gut Cleanse,922,0
836,494_CST_ID,2023-02-21,Skin Foods,1169,0
837,495_CST_ID,2023-06-04,Gut Cleanse,668,0
838,495_CST_ID,2023-07-09,Diabetes Care,572,1
839,496_CST_ID,2023-05-02,Diabetes Care,803,1
840,497_CST_ID,2023-01-24,Apple Cider Vinegar,1131,0
841,497_CST_ID,2023-02-28,Apple Cider Vinegar,1073,0
842,497_CST_ID,2023-04-08,Apple Cider Vinegar,848,0
843,498_CST_ID,2023-02-16,Skin Foods,407,0
844,498_CST_ID,2023-03-28,Ashwagandha,807,0
845,498_CST_ID,2023-04-11,Skin Foods,523,1
846,499_CST_ID,2023-03-30,Ashwagandha,895,0
847,500_CST_ID,2023-04-29,Ashwagandha,357,0
